method,L,H,S,X,Y,Z,CNOT,CZ,MEASURE,RESET,OTHER_1Q,OTHER_2Q,OTHER_NQ,SINGLE_TOTAL,TWO_QUBIT_TOTAL,READOUT_TOTAL,TOTAL_EVENTS,single_qubit_estimation_count,measurement_event_count,idle_cnot_time,CNOT_EQ_TWOQ,weighted_cnot_component,weighted_meas_component,weighted_idle_component,weighted_count_metric,success_probability,log_success,log10_success,error_sum_single,error_sum_two_qubit,error_sum_measurement,error_sum_idle,error_sum_total,rough_expected_baseline_cnot_eq,rough_expected_custom_cnot_eq,rough_expected_custom_measure,rough_expected_custom_idle_cnot_time,baseline_ratio_cnot_eq_over_L4,custom_ratio_cnot_eq_over_L3,custom_ratio_measure_over_L3,custom_ratio_idle_cnot_time_over_L3,result_origin,elapsed_seconds,permutation_kind,seed,include_reset_as_measurement,measurement_duration_mu,idle_multiplier,other_2q_cnot_equivalent
baseline_openfermion_snake,20,160344,0,0,0,0,80172,0,0,0,0,0,0,160344,80172,0,240516,0.0,0.0,0.0,80172.0,80172.0,0.0,0.0,80172.0,0.00032960984635476364,-8.017600886726004,-3.481999823207722,0.0,8.0172,0.0,0.0,8.0172,160000.0,128000.0,32000.0,116800.0,0.501075,,,,exact,7.516348838806152,random,7,False,3.65,0.01,1.0
baseline_openfermion_snake,20,160344,0,0,0,0,80172,0,0,0,0,0,0,160344,80172,0,240516,0.0,0.0,0.0,80172.0,80172.0,0.0,0.0,80172.0,0.0003296098463547,-8.017600886726004,-3.481999823207722,0.0,8.0172,0.0,0.0,8.0172,160000.0,128000.0,32000.0,116800.0,0.501075,,,,exact,7.284508228302002,random,7,True,3.65,0.01,1.0
baseline_openfermion_snake,25,402332,0,0,0,0,201166,0,0,0,0,0,0,402332,201166,0,603498,0.0,0.0,0.0,201166.0,201166.0,0.0,0.0,201166.0,1.8324611241216432e-09,-20.117605897060365,-8.736965230197635,0.0,20.116600000000002,0.0,0.0,20.116600000000002,390625.0,250000.0,62500.0,228125.0,0.51498496,,,,exact,17.96034002304077,random,7,False,3.65,0.01,1.0
baseline_openfermion_snake,25,402332,0,0,0,0,201166,0,0,0,0,0,0,402332,201166,0,603498,0.0,0.0,0.0,201166.0,201166.0,0.0,0.0,201166.0,1.832461124121643e-09,-20.117605897060365,-8.736965230197635,0.0,20.1166,0.0,0.0,20.1166,390625.0,250000.0,62500.0,228125.0,0.51498496,,,,exact,17.327600240707397,random,7,True,3.65,0.01,1.0
baseline_openfermion_snake,30,801520,0,0,0,0,400760,0,0,0,0,0,0,801520,400760,0,1202280,0.0,0.0,0.0,400760.0,400760.0,0.0,0.0,400760.0,3.929561100160649e-18,-40.07800393359669,-17.405655954057863,0.0,40.076,0.0,0.0,40.076,810000.0,432000.0,108000.0,394200.0,0.49476543209876545,,,,exact,35.536648988723755,random,7,False,3.65,0.01,1.0
baseline_openfermion_snake,30,801520,0,0,0,0,400760,0,0,0,0,0,0,801520,400760,0,1202280,0.0,0.0,0.0,400760.0,400760.0,0.0,0.0,400760.0,3.929561100160649e-18,-40.07800393359669,-17.405655954057863,0.0,40.076,0.0,0.0,40.076,810000.0,432000.0,108000.0,394200.0,0.4947654320987654,,,,exact,34.532238721847534,random,7,True,3.65,0.01,1.0
baseline_openfermion_snake,35,1503384,0,0,0,0,751692,0,0,0,0,0,0,1503384,751692,0,2255076,0.0,0.0,0.0,751692.0,751692.0,0.0,0.0,751692.0,2.2531953362915423e-33,-75.1729587105828,-32.647201156347094,0.0,75.1692,0.0,0.0,75.1692,1500625.0,686000.0,171500.0,625975.0,0.50091928363182,,,,exact,66.60852098464966,random,7,False,3.65,0.01,1.0
baseline_openfermion_snake,35,1503384,0,0,0,0,751692,0,0,0,0,0,0,1503384,751692,0,2255076,0.0,0.0,0.0,751692.0,751692.0,0.0,0.0,751692.0,2.2531953362915426e-33,-75.1729587105828,-32.647201156347094,0.0,75.1692,0.0,0.0,75.1692,1500625.0,686000.0,171500.0,625975.0,0.50091928363182,,,,exact,64.36875009536743,random,7,True,3.65,0.01,1.0
baseline_openfermion_snake,40,2490232,0,0,0,0,1245116,0,0,0,0,0,0,2490232,1245116,0,3735348,0.0,0.0,0.0,1245116.0,1245116.0,0.0,0.0,1245116.0,8.367491343820327e-55,-124.51782599506981,-54.077404728248105,0.0,124.5116,0.0,0.0,124.5116,2560000.0,1024000.0,256000.0,934400.0,0.4863734375,,,,exact,109.84115505218506,random,7,False,3.65,0.01,1.0
baseline_openfermion_snake,40,2490232,0,0,0,0,1245116,0,0,0,0,0,0,2490232,1245116,0,3735348,0.0,0.0,0.0,1245116.0,1245116.0,0.0,0.0,1245116.0,8.367491343820326e-55,-124.5178259950698,-54.077404728248105,0.0,124.5116,0.0,0.0,124.5116,2560000.0,1024000.0,256000.0,934400.0,0.4863734375,,,,exact,107.44767332077026,random,7,True,3.65,0.01,1.0
baseline_openfermion_snake,45,4082572,0,0,0,0,2041286,0,0,0,0,0,0,4082572,2041286,0,6123858,0.0,0.0,0.0,2041286.0,2041286.0,0.0,0.0,2041286.0,2.2061880588362754e-89,-204.13880711047972,-88.65635747039364,0.0,204.1286,0.0,0.0,204.1286,4100625.0,1458000.0,364500.0,1330425.0,0.4977987501905197,,,,exact,189.75236296653748,random,7,False,3.65,0.01,1.0
baseline_openfermion_snake,45,4082572,0,0,0,0,2041286,0,0,0,0,0,0,4082572,2041286,0,6123858,0.0,0.0,0.0,2041286.0,2041286.0,0.0,0.0,2041286.0,2.2061880588362754e-89,-204.13880711047972,-88.65635747039364,0.0,204.1286,0.0,0.0,204.1286,4100625.0,1458000.0,364500.0,1330425.0,0.4977987501905197,,,,exact,173.15970706939697,random,7,True,3.65,0.01,1.0
baseline_openfermion_snake,50,6241292,0,0,0,0,3120646,0,0,0,0,0,0,6241292,3120646,0,9361938,0.0,0.0,0.0,3120646.0,3120646.0,0.0,0.0,3120646.0,2.919371568634574e-136,-312.0802042702934,-135.53471062582807,0.0,312.06460000000004,0.0,0.0,312.06460000000004,6250000.0,2000000.0,500000.0,1825000.0,0.49930336,,,,exact,301.2401649951935,random,7,False,3.65,0.01,1.0
baseline_openfermion_snake,50,6241292,0,0,0,0,3120646,0,0,0,0,0,0,6241292,3120646,0,9361938,0.0,0.0,0.0,3120646.0,3120646.0,0.0,0.0,3120646.0,2.919371568634574e-136,-312.0802042702934,-135.53471062582807,0.0,312.06460000000004,0.0,0.0,312.06460000000004,6250000.0,2000000.0,500000.0,1825000.0,0.49930336,,,,exact,274.68039178848267,random,7,True,3.65,0.01,1.0
custom_ancilla_row_cnot,20,50810,0,14060,0,19622,95035,0,28120,37474,0,0,0,84492,95035,65594,245121,0.0,28120.0,102638.0,95035.0,95035.0,28120.0,1026.38,124181.38,4.042069004032834e-06,-12.418753867373782,-5.393396276715102,0.0,9.5035,2.8120000000000003,0.102638,12.418138,160000.0,128000.0,32000.0,116800.0,,11.879375,3.515,12.82975,exact,8.849538087844849,random,7,False,3.65,0.01,1.0
custom_ancilla_row_cnot,20,50460,0,13680,0,19418,94391,0,27360,36904,0,0,0,83558,94391,64264,242213,0.0,64264.0,234563.6,94391.0,94391.0,64264.0,2345.636,161000.636,1.0173880480425765e-07,-16.100857045170848,-6.992513368630795,0.0,9.4391,6.4264,0.2345635999999999,16.100063600000002,160000.0,128000.0,32000.0,116800.0,,11.798875,3.42,29.32045,exact,8.497804880142212,random,7,True,3.65,0.01,1.0
custom_ancilla_row_cnot,25,100144,0,27600,0,38728,187784,0,55200,73914,0,0,0,166472,187784,129114,483370,0.0,55200.0,201480.0,187784.0,187784.0,55200.0,2014.8,244998.8,2.2872287255088044e-11,-24.501095101740813,-10.640690403272826,0.0,18.7784,5.5200000000000005,0.20148,24.49988,390625.0,250000.0,62500.0,228125.0,,12.018176,3.5328,12.89472,exact,18.54266619682312,random,7,False,3.65,0.01,1.0
custom_ancilla_row_cnot,25,100520,0,27600,0,38928,188732,0,55200,74150,0,0,0,167048,188732,129350,485130,0.0,129350.0,472127.5,188732.0,188732.0,129350.0,4721.275000000001,322803.275,9.553027718295269e-15,-32.2819182520992,-14.019858962138551,0.0,18.8732,12.935,0.4721275,32.2803275,390625.0,250000.0,62500.0,228125.0,,12.078848,3.5328,30.21616,exact,18.65800189971924,random,7,True,3.65,0.01,1.0
custom_ancilla_row_cnot,30,174804,0,49590,0,68404,328279,0,99180,130700,0,0,0,292798,328279,229880,850957,0.0,99180.0,362007.0,328279.0,328279.0,99180.0,3620.07,431079.07,1.8947220425565324e-19,-43.110044618500645,-18.722454492417807,0.0,32.8279,9.918000000000001,0.36200699999999997,43.107907,810000.0,432000.0,108000.0,394200.0,,12.158481481481482,3.6733333333333333,13.407666666666668,exact,35.71976709365845,random,7,False,3.65,0.01,1.0
custom_ancilla_row_cnot,30,174960,0,49590,0,68568,328815,0,99180,130764,0,0,0,293118,328815,229944,851877,0.0,229944.0,839295.6,328815.0,328815.0,229944.0,8392.956,567151.956,2.3317925905284647e-25,-56.71799000091506,-24.632310082041226,0.0,32.8815,22.9944,0.8392955999999999,56.7151956,810000.0,432000.0,108000.0,394200.0,,12.178333333333333,3.673333333333334,31.08502222222222,exact,35.19626498222351,random,7,True,3.65,0.01,1.0
custom_ancilla_row_cnot,35,282300,0,79730,0,110354,531694,0,159460,211512,0,0,0,472384,531694,370972,1375050,0.0,159460.0,582029.0,531694.0,531694.0,159460.0,5820.29,696974.29,5.361547206717849e-31,-69.70088529141665,-30.27070986583378,0.0,53.1694,15.946000000000002,0.582029,69.69742900000001,1500625.0,686000.0,171500.0,625975.0,,12.401026239067056,3.719183673469388,13.575020408163265,exact,60.97892475128174,random,7,False,3.65,0.01,1.0
custom_ancilla_row_cnot,35,280586,0,78540,0,109698,528977,0,157080,209594,0,0,0,468824,528977,366674,1364475,0.0,366674.0,1338360.1,528977.0,528977.0,366674.0,13383.601,909034.601,3.305092289133352e-40,-90.90793932275324,-39.480816409067366,0.0,52.8977,36.6674,1.3383600999999998,90.9034601,1500625.0,686000.0,171500.0,625975.0,,12.337655976676384,3.663673469387755,31.215395918367346,exact,58.64088320732117,random,7,True,3.65,0.01,1.0
custom_ancilla_row_cnot,40,418776,0,118560,0,163808,789030,0,237120,314184,0,0,0,701144,789030,551304,2041478,0.0,237120.0,865488.0,789030.0,789030.0,237120.0,8654.880000000001,1034804.88,1.1396368510096559e-45,-103.48561952481995,-44.94323351596872,0.0,78.903,23.712,0.8654879999999999,103.48048800000001,2560000.0,1024000.0,256000.0,934400.0,,12.32859375,3.705,13.52325,exact,98.50793528556824,random,7,False,3.65,0.01,1.0
custom_ancilla_row_cnot,40,415510,0,117000,0,162326,782717,0,234000,311082,0,0,0,694836,782717,545082,2022635,0.0,545082.0,1989549.3,782717.0,782717.0,545082.0,19895.493,1347694.493,2.9341880006637914e-59,-134.7760897324082,-58.53251206328239,0.0,78.27170000000001,54.5082,1.9895493,134.7694493,2560000.0,1024000.0,256000.0,934400.0,,12.229953125,3.65625,31.0867078125,exact,97.25802183151244,random,7,True,3.65,0.01,1.0
custom_ancilla_row_cnot,45,612220,0,174240,0,239458,1152475,0,348480,460270,0,0,0,1025918,1152475,808750,2987143,0.0,348480.0,1271952.0,1152475.0,1152475.0,348480.0,12719.52,1513674.52,1.814224722409737e-66,-151.3749579113323,-65.7413089192286,0.0,115.2475,34.848,1.271952,151.36745200000001,4100625.0,1458000.0,364500.0,1330425.0,,12.64718792866941,3.8241975308641973,13.958320987654321,exact,158.27455615997314,random,7,False,3.65,0.01,1.0
custom_ancilla_row_cnot,45,611802,0,174240,0,239686,1152659,0,348480,460360,0,0,0,1025728,1152659,808840,2987227,0.0,808840.0,2952266.0,1152659.0,1152659.0,808840.0,29522.66,1991021.66,3.363316246864963e-87,-199.111975625016,-86.47323229479923,0.0,115.2659,80.884,2.952266,199.102166,4100625.0,1458000.0,364500.0,1330425.0,,12.649207133058985,3.824197530864198,32.39798079561042,exact,154.75419402122498,random,7,True,3.65,0.01,1.0
custom_ancilla_row_cnot,50,839234,0,240100,0,330508,1584952,0,480200,633332,0,0,0,1409842,1584952,1113532,4108326,0.0,480200.0,1752730.0,1584952.0,1584952.0,480200.0,17527.3,2082679.3,3.514812347575108e-91,-208.27825732480125,-90.45409785658671,0.0,158.4952,48.02,1.75273,208.26793000000004,6250000.0,2000000.0,500000.0,1825000.0,,12.679616,3.8416,14.02184,exact,251.72880101203918,random,7,False,3.65,0.01,1.0
custom_ancilla_row_cnot,50,822326,0,232750,0,322148,1550655,0,465500,617568,0,0,0,1377224,1550655,1083068,4010947,0.0,1083068.0,3953198.2,1550655.0,1550655.0,1083068.0,39531.982,2673254.982,7.875732613964846e-117,-267.33866966957396,-116.1037090368522,0.0,155.0655,108.3068,3.9531982,267.32549819999997,6250000.0,2000000.0,500000.0,1825000.0,,12.40524,3.724,31.625585599999997,exact,210.92084002494812,random,7,True,3.65,0.01,1.0
