L,N,method,gamma_method,gamma_schedule_model,cirq_version,openfermion_version,numpy_version,pandas_version,matplotlib_version,networkx_version,accounting_model,rotation_inventory_model,hall_decomposition_model,n_ancillas,total_qubits,cnot_depth,total_2q_gates,total_cnot_equiv,total_idle_slots,total_idle_slots_layered,n_1q_nonz,n_exact_t,n_synth_rz,spacetime_volume,p_2q,p_idle,p_1q,mult_fidelity,mult_fidelity_legacy,verification_error
4,16,1d_baseline,,not_applicable,1.7.0,1.8.1,2.5.2,3.0.5,3.11.1,3.6.1,native_cnot_layers_uniform_nonentangling_v2,ffft_commuting_pauli_rotations_v1,not_applicable,0,16,68,164,328,216,432,17,70,4,1088,0.001,0.001,0.001,0.467488629009523,0.6837314012165324,7.059962249243381e-16
4,16,1d_baseline,,not_applicable,1.7.0,1.8.1,2.5.2,3.0.5,3.11.1,3.6.1,native_cnot_layers_uniform_nonentangling_v2,ffft_commuting_pauli_rotations_v1,not_applicable,0,16,68,164,328,216,432,17,70,4,1088,0.0001,0.0001,0.0001,0.9268126844296866,0.962711111616401,7.059962249243381e-16
4,16,1d_baseline,,not_applicable,1.7.0,1.8.1,2.5.2,3.0.5,3.11.1,3.6.1,native_cnot_layers_uniform_nonentangling_v2,ffft_commuting_pauli_rotations_v1,not_applicable,0,16,68,164,328,216,432,17,70,4,1088,1e-05,1e-05,1e-05,0.9924287692636202,0.9962071919353023,7.059962249243381e-16
4,16,gamma_2d_core,folded,folded_boundary_l3_l6_v1,1.7.0,1.8.1,2.5.2,3.0.5,3.11.1,3.6.1,native_cnot_layers_uniform_nonentangling_v2,ffft_commuting_pauli_rotations_v1,not_applicable,0,16,38,148,204,120,200,17,68,4,608,0.001,0.001,0.001,0.6675091808180758,0.7648052219533455,
4,16,gamma_2d_core,folded,folded_boundary_l3_l6_v1,1.7.0,1.8.1,2.5.2,3.0.5,3.11.1,3.6.1,native_cnot_layers_uniform_nonentangling_v2,ffft_commuting_pauli_rotations_v1,not_applicable,0,16,38,148,204,120,200,17,68,4,608,0.0001,0.0001,0.0001,0.9604032600836852,0.9735546285901134,
4,16,gamma_2d_core,folded,folded_boundary_l3_l6_v1,1.7.0,1.8.1,2.5.2,3.0.5,3.11.1,3.6.1,native_cnot_layers_uniform_nonentangling_v2,ffft_commuting_pauli_rotations_v1,not_applicable,0,16,38,148,204,120,200,17,68,4,608,1e-05,1e-05,1e-05,0.9959681297025412,0.9973235746297967,
4,16,gamma_2d_proper,folded,folded_boundary_l3_l6_v1,1.7.0,1.8.1,2.5.2,3.0.5,3.11.1,3.6.1,native_cnot_layers_uniform_nonentangling_v2,ffft_commuting_pauli_rotations_v1,canonical_augmenting_v1,0,16,82,290,396,300,520,17,68,4,1312,0.001,0.001,0.001,0.3999329761405296,0.5541636732359667,6.707437923744493e-16
4,16,gamma_2d_proper,folded,folded_boundary_l3_l6_v1,1.7.0,1.8.1,2.5.2,3.0.5,3.11.1,3.6.1,native_cnot_layers_uniform_nonentangling_v2,ffft_commuting_pauli_rotations_v1,canonical_augmenting_v1,0,16,82,290,396,300,520,17,68,4,1312,0.0001,0.0001,0.0001,0.9124658852011068,0.9427039879908264,6.707437923744493e-16
4,16,gamma_2d_proper,folded,folded_boundary_l3_l6_v1,1.7.0,1.8.1,2.5.2,3.0.5,3.11.1,3.6.1,native_cnot_layers_uniform_nonentangling_v2,ffft_commuting_pauli_rotations_v1,canonical_augmenting_v1,0,16,82,290,396,300,520,17,68,4,1312,1e-05,1e-05,1e-05,0.9908817796142726,0.9941173414939654,6.707437923744493e-16
4,16,gamma_2d_ancilla,ancilla,not_applicable,1.7.0,1.8.1,2.5.2,3.0.5,3.11.1,3.6.1,native_cnot_layers_uniform_nonentangling_v2,ffft_commuting_pauli_rotations_v1,canonical_augmenting_v1,4,20,274,678,784,3584,3912,17,68,4,5480,0.001,0.001,0.001,0.009110300645910964,0.014064063517475127,
4,16,gamma_2d_ancilla,ancilla,not_applicable,1.7.0,1.8.1,2.5.2,3.0.5,3.11.1,3.6.1,native_cnot_layers_uniform_nonentangling_v2,ffft_commuting_pauli_rotations_v1,canonical_augmenting_v1,4,20,274,678,784,3584,3912,17,68,4,5480,0.0001,0.0001,0.0001,0.6252376374660142,0.6529718160083309,
4,16,gamma_2d_ancilla,ancilla,not_applicable,1.7.0,1.8.1,2.5.2,3.0.5,3.11.1,3.6.1,native_cnot_layers_uniform_nonentangling_v2,ffft_commuting_pauli_rotations_v1,canonical_augmenting_v1,4,20,274,678,784,3584,3912,17,68,4,5480,1e-05,1e-05,1e-05,0.9541253378196096,0.9582752613555643,
5,25,1d_baseline,,not_applicable,1.7.0,1.8.1,2.5.2,3.0.5,3.11.1,3.6.1,native_cnot_layers_uniform_nonentangling_v2,ffft_commuting_pauli_rotations_v1,not_applicable,0,25,152,400,800,1100,2200,76,40,236,3800,0.001,0.001,0.001,0.04971239399803616,0.2229627637029021,
5,25,1d_baseline,,not_applicable,1.7.0,1.8.1,2.5.2,3.0.5,3.11.1,3.6.1,native_cnot_layers_uniform_nonentangling_v2,ffft_commuting_pauli_rotations_v1,not_applicable,0,25,152,400,800,1100,2200,76,40,236,3800,0.0001,0.0001,0.0001,0.7408071077509111,0.8607015207090731,
5,25,1d_baseline,,not_applicable,1.7.0,1.8.1,2.5.2,3.0.5,3.11.1,3.6.1,native_cnot_layers_uniform_nonentangling_v2,ffft_commuting_pauli_rotations_v1,not_applicable,0,25,152,400,800,1100,2200,76,40,236,3800,1e-05,1e-05,1e-05,0.970445387980851,0.9851118657192446,
5,25,gamma_2d_core,folded,folded_boundary_l3_l6_v1,1.7.0,1.8.1,2.5.2,3.0.5,3.11.1,3.6.1,native_cnot_layers_uniform_nonentangling_v2,ffft_commuting_pauli_rotations_v1,not_applicable,0,25,56,290,390,370,620,76,40,236,1400,0.001,0.001,0.001,0.36403497277104124,0.516680687935692,
5,25,gamma_2d_core,folded,folded_boundary_l3_l6_v1,1.7.0,1.8.1,2.5.2,3.0.5,3.11.1,3.6.1,native_cnot_layers_uniform_nonentangling_v2,ffft_commuting_pauli_rotations_v1,not_applicable,0,25,56,290,390,370,620,76,40,236,1400,0.0001,0.0001,0.0001,0.9039284677312389,0.9361277748589071,
5,25,gamma_2d_core,folded,folded_boundary_l3_l6_v1,1.7.0,1.8.1,2.5.2,3.0.5,3.11.1,3.6.1,native_cnot_layers_uniform_nonentangling_v2,ffft_commuting_pauli_rotations_v1,not_applicable,0,25,56,290,390,370,620,76,40,236,1400,1e-05,1e-05,1e-05,0.9899507837230737,0.9934216993798518,
5,25,gamma_2d_proper,folded,folded_boundary_l3_l6_v1,1.7.0,1.8.1,2.5.2,3.0.5,3.11.1,3.6.1,native_cnot_layers_uniform_nonentangling_v2,ffft_commuting_pauli_rotations_v1,canonical_augmenting_v1,0,25,116,574,768,802,1364,76,40,236,2900,0.001,0.001,0.001,0.11847341243715272,0.25241304671754883,
5,25,gamma_2d_proper,folded,folded_boundary_l3_l6_v1,1.7.0,1.8.1,2.5.2,3.0.5,3.11.1,3.6.1,native_cnot_layers_uniform_nonentangling_v2,ffft_commuting_pauli_rotations_v1,canonical_augmenting_v1,0,25,116,574,768,802,1364,76,40,236,2900,0.0001,0.0001,0.0001,0.8079859084011598,0.8714412049838491,
5,25,gamma_2d_proper,folded,folded_boundary_l3_l6_v1,1.7.0,1.8.1,2.5.2,3.0.5,3.11.1,3.6.1,native_cnot_layers_uniform_nonentangling_v2,ffft_commuting_pauli_rotations_v1,canonical_augmenting_v1,0,25,116,574,768,802,1364,76,40,236,2900,1e-05,1e-05,1e-05,0.9789055602795218,0.9863341682151826,
5,25,gamma_2d_ancilla,ancilla,not_applicable,1.7.0,1.8.1,2.5.2,3.0.5,3.11.1,3.6.1,native_cnot_layers_uniform_nonentangling_v2,ffft_commuting_pauli_rotations_v1,canonical_augmenting_v1,5,30,348,1150,1344,7000,7752,76,40,236,10440,0.001,0.001,0.001,0.00011160429375211962,0.00028756037530710795,
5,25,gamma_2d_ancilla,ancilla,not_applicable,1.7.0,1.8.1,2.5.2,3.0.5,3.11.1,3.6.1,native_cnot_layers_uniform_nonentangling_v2,ffft_commuting_pauli_rotations_v1,canonical_augmenting_v1,5,30,348,1150,1344,7000,7752,76,40,236,10440,0.0001,0.0001,0.0001,0.40266695099910643,0.4426212889737663,
5,25,gamma_2d_ancilla,ancilla,not_applicable,1.7.0,1.8.1,2.5.2,3.0.5,3.11.1,3.6.1,native_cnot_layers_uniform_nonentangling_v2,ffft_commuting_pauli_rotations_v1,canonical_augmenting_v1,5,30,348,1150,1344,7000,7752,76,40,236,10440,1e-05,1e-05,1e-05,0.9130538170787649,0.9217323342457222,
6,36,1d_baseline,,not_applicable,1.7.0,1.8.1,2.5.2,3.0.5,3.11.1,3.6.1,native_cnot_layers_uniform_nonentangling_v2,ffft_commuting_pauli_rotations_v1,not_applicable,0,36,188,891,1782,1602,3204,73,168,96,6768,0.001,0.001,0.001,0.006815917023936205,0.08255856723524341,
6,36,1d_baseline,,not_applicable,1.7.0,1.8.1,2.5.2,3.0.5,3.11.1,3.6.1,native_cnot_layers_uniform_nonentangling_v2,ffft_commuting_pauli_rotations_v1,not_applicable,0,36,188,891,1782,1602,3204,73,168,96,6768,0.0001,0.0001,0.0001,0.6073652544997163,0.7793364193335998,
6,36,1d_baseline,,not_applicable,1.7.0,1.8.1,2.5.2,3.0.5,3.11.1,3.6.1,native_cnot_layers_uniform_nonentangling_v2,ffft_commuting_pauli_rotations_v1,not_applicable,0,36,188,891,1782,1602,3204,73,168,96,6768,1e-05,1e-05,1e-05,0.9513623687665942,0.9753780645301564,
6,36,gamma_2d_core,folded,folded_boundary_l3_l6_v1,1.7.0,1.8.1,2.5.2,3.0.5,3.11.1,3.6.1,native_cnot_layers_uniform_nonentangling_v2,ffft_commuting_pauli_rotations_v1,not_applicable,0,36,78,520,736,832,1336,73,168,96,2808,0.001,0.001,0.001,0.12580317567624627,0.25854734448148325,
6,36,gamma_2d_core,folded,folded_boundary_l3_l6_v1,1.7.0,1.8.1,2.5.2,3.0.5,3.11.1,3.6.1,native_cnot_layers_uniform_nonentangling_v2,ffft_commuting_pauli_rotations_v1,not_applicable,0,36,78,520,736,832,1336,73,168,96,2808,0.0001,0.0001,0.0001,0.8128486405999076,0.8735352804667025,
6,36,gamma_2d_core,folded,folded_boundary_l3_l6_v1,1.7.0,1.8.1,2.5.2,3.0.5,3.11.1,3.6.1,native_cnot_layers_uniform_nonentangling_v2,ffft_commuting_pauli_rotations_v1,not_applicable,0,36,78,520,736,832,1336,73,168,96,2808,1e-05,1e-05,1e-05,0.9794930827924325,0.9865709180081429,
6,36,gamma_2d_proper,folded,folded_boundary_l3_l6_v1,1.7.0,1.8.1,2.5.2,3.0.5,3.11.1,3.6.1,native_cnot_layers_uniform_nonentangling_v2,ffft_commuting_pauli_rotations_v1,canonical_augmenting_v1,0,36,152,1005,1402,1662,2668,73,168,96,5472,0.001,0.001,0.001,0.017042648219988764,0.06936766864650314,
6,36,gamma_2d_proper,folded,folded_boundary_l3_l6_v1,1.7.0,1.8.1,2.5.2,3.0.5,3.11.1,3.6.1,native_cnot_layers_uniform_nonentangling_v2,ffft_commuting_pauli_rotations_v1,canonical_augmenting_v1,0,36,152,1005,1402,1662,2668,73,168,96,5472,0.0001,0.0001,0.0001,0.665630643677,0.7658925939187948,
6,36,gamma_2d_proper,folded,folded_boundary_l3_l6_v1,1.7.0,1.8.1,2.5.2,3.0.5,3.11.1,3.6.1,native_cnot_layers_uniform_nonentangling_v2,ffft_commuting_pauli_rotations_v1,canonical_augmenting_v1,0,36,152,1005,1402,1662,2668,73,168,96,5472,1e-05,1e-05,1e-05,0.9601169264984745,0.9736823738980892,
6,36,gamma_2d_ancilla,ancilla,not_applicable,1.7.0,1.8.1,2.5.2,3.0.5,3.11.1,3.6.1,native_cnot_layers_uniform_nonentangling_v2,ffft_commuting_pauli_rotations_v1,canonical_augmenting_v1,6,42,424,1737,2134,12234,13540,73,168,96,17808,0.001,0.001,0.001,1.5469007643382047e-07,8.500334285788346e-07,
6,36,gamma_2d_ancilla,ancilla,not_applicable,1.7.0,1.8.1,2.5.2,3.0.5,3.11.1,3.6.1,native_cnot_layers_uniform_nonentangling_v2,ffft_commuting_pauli_rotations_v1,canonical_augmenting_v1,6,42,424,1737,2134,12234,13540,73,168,96,17808,0.0001,0.0001,0.0001,0.20857045623667594,0.24729585647315228,
6,36,gamma_2d_ancilla,ancilla,not_applicable,1.7.0,1.8.1,2.5.2,3.0.5,3.11.1,3.6.1,native_cnot_layers_uniform_nonentangling_v2,ffft_commuting_pauli_rotations_v1,canonical_augmenting_v1,6,42,424,1737,2134,12234,13540,73,168,96,17808,1e-05,1e-05,1e-05,0.8549256407551347,0.8696097783774995,
7,49,1d_baseline,,not_applicable,1.7.0,1.8.1,2.5.2,3.0.5,3.11.1,3.6.1,native_cnot_layers_uniform_nonentangling_v2,ffft_commuting_pauli_rotations_v1,not_applicable,0,49,296,1617,3234,4018,8036,246,56,778,14504,0.001,0.001,0.001,1.2678045521909687e-05,0.003560624316311633,
7,49,1d_baseline,,not_applicable,1.7.0,1.8.1,2.5.2,3.0.5,3.11.1,3.6.1,native_cnot_layers_uniform_nonentangling_v2,ffft_commuting_pauli_rotations_v1,not_applicable,0,49,296,1617,3234,4018,8036,246,56,778,14504,0.0001,0.0001,0.0001,0.32398555297838944,0.5691972882739248,
7,49,1d_baseline,,not_applicable,1.7.0,1.8.1,2.5.2,3.0.5,3.11.1,3.6.1,native_cnot_layers_uniform_nonentangling_v2,ffft_commuting_pauli_rotations_v1,not_applicable,0,49,296,1617,3234,4018,8036,246,56,778,14504,1e-05,1e-05,1e-05,0.8934181420656866,0.9452079887864292,
7,49,gamma_2d_core,folded,folded_zero_extra_ge7_v1,1.7.0,1.8.1,2.5.2,3.0.5,3.11.1,3.6.1,native_cnot_layers_uniform_nonentangling_v2,ffft_commuting_pauli_rotations_v1,not_applicable,0,49,100,774,1068,1882,2764,246,56,778,4900,0.001,0.001,0.001,0.021624739374304505,0.07013531117654447,
7,49,gamma_2d_core,folded,folded_zero_extra_ge7_v1,1.7.0,1.8.1,2.5.2,3.0.5,3.11.1,3.6.1,native_cnot_layers_uniform_nonentangling_v2,ffft_commuting_pauli_rotations_v1,not_applicable,0,49,100,774,1068,1882,2764,246,56,778,4900,0.0001,0.0001,0.0001,0.6816634886731525,0.7667355814803393,
7,49,gamma_2d_core,folded,folded_zero_extra_ge7_v1,1.7.0,1.8.1,2.5.2,3.0.5,3.11.1,3.6.1,native_cnot_layers_uniform_nonentangling_v2,ffft_commuting_pauli_rotations_v1,not_applicable,0,49,100,774,1068,1882,2764,246,56,778,4900,1e-05,1e-05,1e-05,0.9624047376379328,0.9737894853857997,
7,49,gamma_2d_proper,folded,folded_zero_extra_ge7_v1,1.7.0,1.8.1,2.5.2,3.0.5,3.11.1,3.6.1,native_cnot_layers_uniform_nonentangling_v2,ffft_commuting_pauli_rotations_v1,canonical_augmenting_v1,0,49,196,1535,2110,3692,5384,246,56,778,9604,0.001,0.001,0.001,0.0005543304882605275,0.0053555855018744105,
7,49,gamma_2d_proper,folded,folded_zero_extra_ge7_v1,1.7.0,1.8.1,2.5.2,3.0.5,3.11.1,3.6.1,native_cnot_layers_uniform_nonentangling_v2,ffft_commuting_pauli_rotations_v1,canonical_augmenting_v1,0,49,196,1535,2110,3692,5384,246,56,778,9604,0.0001,0.0001,0.0001,0.4726323466690952,0.5929020108394175,
7,49,gamma_2d_proper,folded,folded_zero_extra_ge7_v1,1.7.0,1.8.1,2.5.2,3.0.5,3.11.1,3.6.1,native_cnot_layers_uniform_nonentangling_v2,ffft_commuting_pauli_rotations_v1,canonical_augmenting_v1,0,49,196,1535,2110,3692,5384,246,56,778,9604,1e-05,1e-05,1e-05,0.9277988049594257,0.9490723346072503,
7,49,gamma_2d_ancilla,ancilla,not_applicable,1.7.0,1.8.1,2.5.2,3.0.5,3.11.1,3.6.1,native_cnot_layers_uniform_nonentangling_v2,ffft_commuting_pauli_rotations_v1,canonical_augmenting_v1,7,56,496,2531,3106,19466,21564,246,56,778,27776,0.001,0.001,0.001,1.9080710178498364e-11,2.767225218888702e-10,
7,49,gamma_2d_ancilla,ancilla,not_applicable,1.7.0,1.8.1,2.5.2,3.0.5,3.11.1,3.6.1,native_cnot_layers_uniform_nonentangling_v2,ffft_commuting_pauli_rotations_v1,canonical_augmenting_v1,7,56,496,2531,3106,19466,21564,246,56,778,27776,0.0001,0.0001,0.0001,0.08482852964916257,0.11082421381227545,
7,49,gamma_2d_ancilla,ancilla,not_applicable,1.7.0,1.8.1,2.5.2,3.0.5,3.11.1,3.6.1,native_cnot_layers_uniform_nonentangling_v2,ffft_commuting_pauli_rotations_v1,canonical_augmenting_v1,7,56,496,2531,3106,19466,21564,246,56,778,27776,1e-05,1e-05,1e-05,0.7813741070631788,0.8025419912061789,
8,64,1d_baseline,,not_applicable,1.7.0,1.8.1,2.5.2,3.0.5,3.11.1,3.6.1,native_cnot_layers_uniform_nonentangling_v2,ffft_commuting_pauli_rotations_v1,not_applicable,0,64,304,2928,5856,3872,7744,129,414,68,19456,0.001,0.001,0.001,1.232082739114182e-06,0.0011099922247989767,
8,64,1d_baseline,,not_applicable,1.7.0,1.8.1,2.5.2,3.0.5,3.11.1,3.6.1,native_cnot_layers_uniform_nonentangling_v2,ffft_commuting_pauli_rotations_v1,not_applicable,0,64,304,2928,5856,3872,7744,129,414,68,19456,0.0001,0.0001,0.0001,0.2566433234506107,0.5065997665323295,
8,64,1d_baseline,,not_applicable,1.7.0,1.8.1,2.5.2,3.0.5,3.11.1,3.6.1,native_cnot_layers_uniform_nonentangling_v2,ffft_commuting_pauli_rotations_v1,not_applicable,0,64,304,2928,5856,3872,7744,129,414,68,19456,1e-05,1e-05,1e-05,0.8728420389525143,0.934260155926878,
8,64,gamma_2d_core,folded,folded_zero_extra_ge7_v1,1.7.0,1.8.1,2.5.2,3.0.5,3.11.1,3.6.1,native_cnot_layers_uniform_nonentangling_v2,ffft_commuting_pauli_rotations_v1,not_applicable,0,64,100,1234,1810,2012,2780,129,420,44,6400,0.001,0.001,0.001,0.0101295687707546,0.03886644166514143,
8,64,gamma_2d_core,folded,folded_zero_extra_ge7_v1,1.7.0,1.8.1,2.5.2,3.0.5,3.11.1,3.6.1,native_cnot_layers_uniform_nonentangling_v2,ffft_commuting_pauli_rotations_v1,not_applicable,0,64,100,1234,1810,2012,2780,129,420,44,6400,0.0001,0.0001,0.0001,0.6319007416441911,0.7228046903959812,
8,64,gamma_2d_core,folded,folded_zero_extra_ge7_v1,1.7.0,1.8.1,2.5.2,3.0.5,3.11.1,3.6.1,native_cnot_layers_uniform_nonentangling_v2,ffft_commuting_pauli_rotations_v1,not_applicable,0,64,100,1234,1810,2012,2780,129,420,44,6400,1e-05,1e-05,1e-05,0.9551372519570165,0.9680610143865077,
8,64,gamma_2d_proper,folded,folded_zero_extra_ge7_v1,1.7.0,1.8.1,2.5.2,3.0.5,3.11.1,3.6.1,native_cnot_layers_uniform_nonentangling_v2,ffft_commuting_pauli_rotations_v1,canonical_augmenting_v1,0,64,204,2336,3356,4416,6344,129,420,44,13056,0.001,0.001,0.001,6.098679236992616e-05,0.0011645992385908603,
8,64,gamma_2d_proper,folded,folded_zero_extra_ge7_v1,1.7.0,1.8.1,2.5.2,3.0.5,3.11.1,3.6.1,native_cnot_layers_uniform_nonentangling_v2,ffft_commuting_pauli_rotations_v1,canonical_augmenting_v1,0,64,204,2336,3356,4416,6344,129,420,44,13056,0.0001,0.0001,0.0001,0.3790646517961988,0.5090374129669674,
8,64,gamma_2d_proper,folded,folded_zero_extra_ge7_v1,1.7.0,1.8.1,2.5.2,3.0.5,3.11.1,3.6.1,native_cnot_layers_uniform_nonentangling_v2,ffft_commuting_pauli_rotations_v1,canonical_augmenting_v1,0,64,204,2336,3356,4416,6344,129,420,44,13056,1e-05,1e-05,1e-05,0.9075555659661826,0.934708710689029,
8,64,gamma_2d_ancilla,ancilla,not_applicable,1.7.0,1.8.1,2.5.2,3.0.5,3.11.1,3.6.1,native_cnot_layers_uniform_nonentangling_v2,ffft_commuting_pauli_rotations_v1,canonical_augmenting_v1,8,72,556,3512,4532,28544,30968,129,420,44,40032,0.001,0.001,0.001,3.756920649607017e-16,1.1783941344067255e-14,
8,64,gamma_2d_ancilla,ancilla,not_applicable,1.7.0,1.8.1,2.5.2,3.0.5,3.11.1,3.6.1,native_cnot_layers_uniform_nonentangling_v2,ffft_commuting_pauli_rotations_v1,canonical_augmenting_v1,8,72,556,3512,4532,28544,30968,129,420,44,40032,0.0001,0.0001,0.0001,0.0287195411433147,0.040528076802133765,
8,64,gamma_2d_ancilla,ancilla,not_applicable,1.7.0,1.8.1,2.5.2,3.0.5,3.11.1,3.6.1,native_cnot_layers_uniform_nonentangling_v2,ffft_commuting_pauli_rotations_v1,canonical_augmenting_v1,8,72,556,3512,4532,28544,30968,129,420,44,40032,1e-05,1e-05,1e-05,0.7011721986196509,0.725741344225993,
9,81,1d_baseline,,not_applicable,1.7.0,1.8.1,2.5.2,3.0.5,3.11.1,3.6.1,native_cnot_layers_uniform_nonentangling_v2,ffft_commuting_pauli_rotations_v1,not_applicable,0,81,476,4698,9396,9882,19764,244,432,352,38556,0.001,0.001,0.001,2.136174220394137e-13,4.621876480818302e-07,
9,81,1d_baseline,,not_applicable,1.7.0,1.8.1,2.5.2,3.0.5,3.11.1,3.6.1,native_cnot_layers_uniform_nonentangling_v2,ffft_commuting_pauli_rotations_v1,not_applicable,0,81,476,4698,9396,9882,19764,244,432,352,38556,0.0001,0.0001,0.0001,0.05414195909543637,0.23268424763063864,
9,81,1d_baseline,,not_applicable,1.7.0,1.8.1,2.5.2,3.0.5,3.11.1,3.6.1,native_cnot_layers_uniform_nonentangling_v2,ffft_commuting_pauli_rotations_v1,not_applicable,0,81,476,4698,9396,9882,19764,244,432,352,38556,1e-05,1e-05,1e-05,0.7470662139075916,0.8643299219092161,
9,81,gamma_2d_core,folded,folded_zero_extra_ge7_v1,1.7.0,1.8.1,2.5.2,3.0.5,3.11.1,3.6.1,native_cnot_layers_uniform_nonentangling_v2,ffft_commuting_pauli_rotations_v1,not_applicable,0,81,160,1638,2448,5148,8064,244,432,352,12960,0.001,0.001,0.001,2.706526174918716e-05,0.0011256492893767342,
9,81,gamma_2d_core,folded,folded_zero_extra_ge7_v1,1.7.0,1.8.1,2.5.2,3.0.5,3.11.1,3.6.1,native_cnot_layers_uniform_nonentangling_v2,ffft_commuting_pauli_rotations_v1,not_applicable,0,81,160,1638,2448,5148,8064,244,432,352,12960,0.0001,0.0001,0.0001,0.3494997042546668,0.507309538419046,
9,81,gamma_2d_core,folded,folded_zero_extra_ge7_v1,1.7.0,1.8.1,2.5.2,3.0.5,3.11.1,3.6.1,native_cnot_layers_uniform_nonentangling_v2,ffft_commuting_pauli_rotations_v1,not_applicable,0,81,160,1638,2448,5148,8064,244,432,352,12960,1e-05,1e-05,1e-05,0.9002160169692459,0.9343909621589621,
9,81,gamma_2d_proper,folded,folded_zero_extra_ge7_v1,1.7.0,1.8.1,2.5.2,3.0.5,3.11.1,3.6.1,native_cnot_layers_uniform_nonentangling_v2,ffft_commuting_pauli_rotations_v1,canonical_augmenting_v1,0,81,280,3076,4496,9076,13688,244,432,352,22680,0.001,0.001,0.001,1.2555612428424916e-08,5.245814414557047e-06,
9,81,gamma_2d_proper,folded,folded_zero_extra_ge7_v1,1.7.0,1.8.1,2.5.2,3.0.5,3.11.1,3.6.1,native_cnot_layers_uniform_nonentangling_v2,ffft_commuting_pauli_rotations_v1,canonical_augmenting_v1,0,81,280,3076,4496,9076,13688,244,432,352,22680,0.0001,0.0001,0.0001,0.1622704443557629,0.2966326530757449,
9,81,gamma_2d_proper,folded,folded_zero_extra_ge7_v1,1.7.0,1.8.1,2.5.2,3.0.5,3.11.1,3.6.1,native_cnot_layers_uniform_nonentangling_v2,ffft_commuting_pauli_rotations_v1,canonical_augmenting_v1,0,81,280,3076,4496,9076,13688,244,432,352,22680,1e-05,1e-05,1e-05,0.833733969265235,0.885572803627621,
9,81,gamma_2d_ancilla,ancilla,not_applicable,1.7.0,1.8.1,2.5.2,3.0.5,3.11.1,3.6.1,native_cnot_layers_uniform_nonentangling_v2,ffft_commuting_pauli_rotations_v1,canonical_augmenting_v1,9,90,668,4656,6076,42528,47968,244,432,352,60120,0.001,0.001,0.001,3.2903771835718625e-24,3.1477226183763317e-21,
9,81,gamma_2d_ancilla,ancilla,not_applicable,1.7.0,1.8.1,2.5.2,3.0.5,3.11.1,3.6.1,native_cnot_layers_uniform_nonentangling_v2,ffft_commuting_pauli_rotations_v1,canonical_augmenting_v1,9,90,668,4656,6076,42528,47968,244,432,352,60120,0.0001,0.0001,0.0001,0.0044955366138568495,0.008927347722851205,
9,81,gamma_2d_ancilla,ancilla,not_applicable,1.7.0,1.8.1,2.5.2,3.0.5,3.11.1,3.6.1,native_cnot_layers_uniform_nonentangling_v2,ffft_commuting_pauli_rotations_v1,canonical_augmenting_v1,9,90,668,4656,6076,42528,47968,244,432,352,60120,1e-05,1e-05,1e-05,0.5824903255281583,0.6238518496627975,
10,100,1d_baseline,,not_applicable,1.7.0,1.8.1,2.5.2,3.0.5,3.11.1,3.6.1,native_cnot_layers_uniform_nonentangling_v2,ffft_commuting_pauli_rotations_v1,not_applicable,0,100,532,7175,14350,12250,24500,401,360,1040,53200,0.001,0.001,0.001,1.315883918490298e-17,3.6275114313952175e-09,
10,100,1d_baseline,,not_applicable,1.7.0,1.8.1,2.5.2,3.0.5,3.11.1,3.6.1,native_cnot_layers_uniform_nonentangling_v2,ffft_commuting_pauli_rotations_v1,not_applicable,0,100,532,7175,14350,12250,24500,401,360,1040,53200,0.0001,0.0001,0.0001,0.020543837467280876,0.14333121595549544,
10,100,1d_baseline,,not_applicable,1.7.0,1.8.1,2.5.2,3.0.5,3.11.1,3.6.1,native_cnot_layers_uniform_nonentangling_v2,ffft_commuting_pauli_rotations_v1,not_applicable,0,100,532,7175,14350,12250,24500,401,360,1040,53200,1e-05,1e-05,1e-05,0.6780719047163467,0.8234512157476888,
10,100,gamma_2d_core,folded,folded_zero_extra_ge7_v1,1.7.0,1.8.1,2.5.2,3.0.5,3.11.1,3.6.1,native_cnot_layers_uniform_nonentangling_v2,ffft_commuting_pauli_rotations_v1,not_applicable,0,100,144,2162,3262,5276,7876,401,360,1040,14400,0.001,0.001,0.001,1.4467978709210933e-05,0.0005862750668326812,
10,100,gamma_2d_core,folded,folded_zero_extra_ge7_v1,1.7.0,1.8.1,2.5.2,3.0.5,3.11.1,3.6.1,native_cnot_layers_uniform_nonentangling_v2,ffft_commuting_pauli_rotations_v1,not_applicable,0,100,144,2162,3262,5276,7876,401,360,1040,14400,0.0001,0.0001,0.0001,0.3282907291889892,0.4752866456277749,
10,100,gamma_2d_core,folded,folded_zero_extra_ge7_v1,1.7.0,1.8.1,2.5.2,3.0.5,3.11.1,3.6.1,native_cnot_layers_uniform_nonentangling_v2,ffft_commuting_pauli_rotations_v1,not_applicable,0,100,144,2162,3262,5276,7876,401,360,1040,14400,1e-05,1e-05,1e-05,0.8945982386060661,0.9283185203955223,
10,100,gamma_2d_proper,folded,folded_zero_extra_ge7_v1,1.7.0,1.8.1,2.5.2,3.0.5,3.11.1,3.6.1,native_cnot_layers_uniform_nonentangling_v2,ffft_commuting_pauli_rotations_v1,canonical_augmenting_v1,0,100,272,4133,6142,10134,14916,401,360,1040,27200,0.001,0.001,0.001,7.080290269190083e-10,6.321505499405347e-07,
10,100,gamma_2d_proper,folded,folded_zero_extra_ge7_v1,1.7.0,1.8.1,2.5.2,3.0.5,3.11.1,3.6.1,native_cnot_layers_uniform_nonentangling_v2,ffft_commuting_pauli_rotations_v1,canonical_augmenting_v1,0,100,272,4133,6142,10134,14916,401,360,1040,27200,0.0001,0.0001,0.0001,0.12173541765833075,0.24008281809818524,
10,100,gamma_2d_proper,folded,folded_zero_extra_ge7_v1,1.7.0,1.8.1,2.5.2,3.0.5,3.11.1,3.6.1,native_cnot_layers_uniform_nonentangling_v2,ffft_commuting_pauli_rotations_v1,canonical_augmenting_v1,0,100,272,4133,6142,10134,14916,401,360,1040,27200,1e-05,1e-05,1e-05,0.8101133904476914,0.8670395264317482,
10,100,gamma_2d_ancilla,ancilla,not_applicable,1.7.0,1.8.1,2.5.2,3.0.5,3.11.1,3.6.1,native_cnot_layers_uniform_nonentangling_v2,ffft_commuting_pauli_rotations_v1,canonical_augmenting_v1,10,110,712,5925,7934,56790,62452,401,360,1040,78320,0.001,0.001,0.001,2.608881024616737e-31,5.618159859429885e-28,
10,100,gamma_2d_ancilla,ancilla,not_applicable,1.7.0,1.8.1,2.5.2,3.0.5,3.11.1,3.6.1,native_cnot_layers_uniform_nonentangling_v2,ffft_commuting_pauli_rotations_v1,canonical_augmenting_v1,10,110,712,5925,7934,56790,62452,401,360,1040,78320,0.0001,0.0001,0.0001,0.000877045265005328,0.001888799955211063,
10,100,gamma_2d_ancilla,ancilla,not_applicable,1.7.0,1.8.1,2.5.2,3.0.5,3.11.1,3.6.1,native_cnot_layers_uniform_nonentangling_v2,ffft_commuting_pauli_rotations_v1,canonical_augmenting_v1,10,110,712,5925,7934,56790,62452,401,360,1040,78320,1e-05,1e-05,1e-05,0.49467043831782886,0.5341101778362652,
11,121,1d_baseline,,not_applicable,1.7.0,1.8.1,2.5.2,3.0.5,3.11.1,3.6.1,native_cnot_layers_uniform_nonentangling_v2,ffft_commuting_pauli_rotations_v1,not_applicable,0,121,728,10285,20570,23474,46948,1090,88,3422,88088,0.001,0.001,0.001,4.598689018640622e-30,2.1444554130689267e-15,
11,121,1d_baseline,,not_applicable,1.7.0,1.8.1,2.5.2,3.0.5,3.11.1,3.6.1,native_cnot_layers_uniform_nonentangling_v2,ffft_commuting_pauli_rotations_v1,not_applicable,0,121,728,10285,20570,23474,46948,1090,88,3422,88088,0.0001,0.0001,0.0001,0.0011683794070657468,0.034181565310350354,
11,121,1d_baseline,,not_applicable,1.7.0,1.8.1,2.5.2,3.0.5,3.11.1,3.6.1,native_cnot_layers_uniform_nonentangling_v2,ffft_commuting_pauli_rotations_v1,not_applicable,0,121,728,10285,20570,23474,46948,1090,88,3422,88088,1e-05,1e-05,1e-05,0.5090630621408938,0.7134865535810003,
11,121,gamma_2d_core,folded,folded_zero_extra_ge7_v1,1.7.0,1.8.1,2.5.2,3.0.5,3.11.1,3.6.1,native_cnot_layers_uniform_nonentangling_v2,ffft_commuting_pauli_rotations_v1,not_applicable,0,121,164,2490,3700,8330,12444,1090,88,3422,19844,0.001,0.001,0.001,9.665891597934394e-08,1.9887610473908137e-05,
11,121,gamma_2d_core,folded,folded_zero_extra_ge7_v1,1.7.0,1.8.1,2.5.2,3.0.5,3.11.1,3.6.1,native_cnot_layers_uniform_nonentangling_v2,ffft_commuting_pauli_rotations_v1,not_applicable,0,121,164,2490,3700,8330,12444,1090,88,3422,19844,0.0001,0.0001,0.0001,0.19899397613751602,0.3388986771953296,
11,121,gamma_2d_core,folded,folded_zero_extra_ge7_v1,1.7.0,1.8.1,2.5.2,3.0.5,3.11.1,3.6.1,native_cnot_layers_uniform_nonentangling_v2,ffft_commuting_pauli_rotations_v1,not_applicable,0,121,164,2490,3700,8330,12444,1090,88,3422,19844,1e-05,1e-05,1e-05,0.8509168981245004,0.8974476033404243,
11,121,gamma_2d_proper,folded,folded_zero_extra_ge7_v1,1.7.0,1.8.1,2.5.2,3.0.5,3.11.1,3.6.1,native_cnot_layers_uniform_nonentangling_v2,ffft_commuting_pauli_rotations_v1,canonical_augmenting_v1,0,121,308,4927,7294,15556,22680,1090,88,3422,37268,0.001,0.001,0.001,9.461153433701034e-14,1.2586220408517947e-09,
11,121,gamma_2d_proper,folded,folded_zero_extra_ge7_v1,1.7.0,1.8.1,2.5.2,3.0.5,3.11.1,3.6.1,native_cnot_layers_uniform_nonentangling_v2,ffft_commuting_pauli_rotations_v1,canonical_augmenting_v1,0,121,308,4927,7294,15556,22680,1090,88,3422,37268,0.0001,0.0001,0.0001,0.049909202220423596,0.12894073202949222,
11,121,gamma_2d_proper,folded,folded_zero_extra_ge7_v1,1.7.0,1.8.1,2.5.2,3.0.5,3.11.1,3.6.1,native_cnot_layers_uniform_nonentangling_v2,ffft_commuting_pauli_rotations_v1,canonical_augmenting_v1,0,121,308,4927,7294,15556,22680,1090,88,3422,37268,1e-05,1e-05,1e-05,0.7410097479023869,0.8147849837602533,
11,121,gamma_2d_ancilla,ancilla,not_applicable,1.7.0,1.8.1,2.5.2,3.0.5,3.11.1,3.6.1,native_cnot_layers_uniform_nonentangling_v2,ffft_commuting_pauli_rotations_v1,canonical_augmenting_v1,11,132,784,7291,9658,75970,84172,1090,88,3422,103488,0.001,0.001,0.001,1.6973063808882772e-41,6.639191315792207e-37,
11,121,gamma_2d_ancilla,ancilla,not_applicable,1.7.0,1.8.1,2.5.2,3.0.5,3.11.1,3.6.1,native_cnot_layers_uniform_nonentangling_v2,ffft_commuting_pauli_rotations_v1,canonical_augmenting_v1,11,132,784,7291,9658,75970,84172,1090,88,3422,103488,0.0001,0.0001,0.0001,8.410292754734495e-05,0.00024201367315702363,
11,121,gamma_2d_ancilla,ancilla,not_applicable,1.7.0,1.8.1,2.5.2,3.0.5,3.11.1,3.6.1,native_cnot_layers_uniform_nonentangling_v2,ffft_commuting_pauli_rotations_v1,canonical_augmenting_v1,11,132,784,7291,9658,75970,84172,1090,88,3422,103488,1e-05,1e-05,1e-05,0.3912906317009755,0.4349108710287289,
12,144,1d_baseline,,not_applicable,1.7.0,1.8.1,2.5.2,3.0.5,3.11.1,3.6.1,native_cnot_layers_uniform_nonentangling_v2,ffft_commuting_pauli_rotations_v1,not_applicable,0,144,724,15156,30312,21816,43632,433,966,516,104256,0.001,0.001,0.001,7.420982065799647e-33,8.614512212423665e-17,
12,144,1d_baseline,,not_applicable,1.7.0,1.8.1,2.5.2,3.0.5,3.11.1,3.6.1,native_cnot_layers_uniform_nonentangling_v2,ffft_commuting_pauli_rotations_v1,not_applicable,0,144,724,15156,30312,21816,43632,433,966,516,104256,0.0001,0.0001,0.0001,0.0006144581443335028,0.024788266263163765,
12,144,1d_baseline,,not_applicable,1.7.0,1.8.1,2.5.2,3.0.5,3.11.1,3.6.1,native_cnot_layers_uniform_nonentangling_v2,ffft_commuting_pauli_rotations_v1,not_applicable,0,144,724,15156,30312,21816,43632,433,966,516,104256,1e-05,1e-05,1e-05,0.47737940915858057,0.6909264860740111,
12,144,gamma_2d_core,folded,folded_zero_extra_ge7_v1,1.7.0,1.8.1,2.5.2,3.0.5,3.11.1,3.6.1,native_cnot_layers_uniform_nonentangling_v2,ffft_commuting_pauli_rotations_v1,not_applicable,0,144,164,3650,5738,8540,12140,431,968,492,23616,0.001,0.001,0.001,1.7052910161779033e-08,5.0501174052480245e-06,
12,144,gamma_2d_core,folded,folded_zero_extra_ge7_v1,1.7.0,1.8.1,2.5.2,3.0.5,3.11.1,3.6.1,native_cnot_layers_uniform_nonentangling_v2,ffft_commuting_pauli_rotations_v1,not_applicable,0,144,164,3650,5738,8540,12140,431,968,492,23616,0.0001,0.0001,0.0001,0.16731292861200445,0.2955075318214033,
12,144,gamma_2d_core,folded,folded_zero_extra_ge7_v1,1.7.0,1.8.1,2.5.2,3.0.5,3.11.1,3.6.1,native_cnot_layers_uniform_nonentangling_v2,ffft_commuting_pauli_rotations_v1,not_applicable,0,144,164,3650,5738,8540,12140,431,968,492,23616,1e-05,1e-05,1e-05,0.8362891153666718,0.8852363482105421,
12,144,gamma_2d_proper,folded,folded_zero_extra_ge7_v1,1.7.0,1.8.1,2.5.2,3.0.5,3.11.1,3.6.1,native_cnot_layers_uniform_nonentangling_v2,ffft_commuting_pauli_rotations_v1,canonical_augmenting_v1,0,144,316,6794,10464,17228,24576,431,968,492,45504,0.001,0.001,0.001,5.952610120832889e-16,3.648868098830181e-11,
12,144,gamma_2d_proper,folded,folded_zero_extra_ge7_v1,1.7.0,1.8.1,2.5.2,3.0.5,3.11.1,3.6.1,native_cnot_layers_uniform_nonentangling_v2,ffft_commuting_pauli_rotations_v1,canonical_augmenting_v1,0,144,316,6794,10464,17228,24576,431,968,492,45504,0.0001,0.0001,0.0001,0.030071565794722713,0.09050772090863886,
12,144,gamma_2d_proper,folded,folded_zero_extra_ge7_v1,1.7.0,1.8.1,2.5.2,3.0.5,3.11.1,3.6.1,native_cnot_layers_uniform_nonentangling_v2,ffft_commuting_pauli_rotations_v1,canonical_augmenting_v1,0,144,316,6794,10464,17228,24576,431,968,492,45504,1e-05,1e-05,1e-05,0.7044050367245476,0.7864538773563601,
12,144,gamma_2d_ancilla,ancilla,not_applicable,1.7.0,1.8.1,2.5.2,3.0.5,3.11.1,3.6.1,native_cnot_layers_uniform_nonentangling_v2,ffft_commuting_pauli_rotations_v1,canonical_augmenting_v1,12,156,844,9426,13096,96900,105472,431,968,492,131664,0.001,0.001,0.001,3.0255753851371274e-52,6.311042659444398e-47,
12,144,gamma_2d_ancilla,ancilla,not_applicable,1.7.0,1.8.1,2.5.2,3.0.5,3.11.1,3.6.1,native_cnot_layers_uniform_nonentangling_v2,ffft_commuting_pauli_rotations_v1,canonical_augmenting_v1,12,156,844,9426,13096,96900,105472,431,968,492,131664,0.0001,0.0001,0.0001,7.085976417807636e-06,2.410402629007327e-05,
12,144,gamma_2d_ancilla,ancilla,not_applicable,1.7.0,1.8.1,2.5.2,3.0.5,3.11.1,3.6.1,native_cnot_layers_uniform_nonentangling_v2,ffft_commuting_pauli_rotations_v1,canonical_augmenting_v1,12,156,844,9426,13096,96900,105472,431,968,492,131664,1e-05,1e-05,1e-05,0.3055365314105803,0.34532636751233003,
13,169,1d_baseline,,not_applicable,1.7.0,1.8.1,2.5.2,3.0.5,3.11.1,3.6.1,native_cnot_layers_uniform_nonentangling_v2,ffft_commuting_pauli_rotations_v1,not_applicable,0,169,1016,20280,40560,45292,90584,1860,104,5812,171704,0.001,0.001,0.001,1.0384555415698356e-57,3.222507628493431e-29,
13,169,1d_baseline,,not_applicable,1.7.0,1.8.1,2.5.2,3.0.5,3.11.1,3.6.1,native_cnot_layers_uniform_nonentangling_v2,ffft_commuting_pauli_rotations_v1,not_applicable,0,169,1016,20280,40560,45292,90584,1860,104,5812,171704,0.0001,0.0001,0.0001,2.0146687589099445e-06,0.0014193902771647917,
13,169,1d_baseline,,not_applicable,1.7.0,1.8.1,2.5.2,3.0.5,3.11.1,3.6.1,native_cnot_layers_uniform_nonentangling_v2,ffft_commuting_pauli_rotations_v1,not_applicable,0,169,1016,20280,40560,45292,90584,1860,104,5812,171704,1e-05,1e-05,1e-05,0.2694300283961513,0.5190664970850568,
13,169,gamma_2d_core,folded,folded_zero_extra_ge7_v1,1.7.0,1.8.1,2.5.2,3.0.5,3.11.1,3.6.1,native_cnot_layers_uniform_nonentangling_v2,ffft_commuting_pauli_rotations_v1,not_applicable,0,169,196,3848,5876,14274,21372,1860,104,5812,33124,0.001,0.001,0.001,1.4468489104050625e-12,1.3359113241221908e-08,
13,169,gamma_2d_core,folded,folded_zero_extra_ge7_v1,1.7.0,1.8.1,2.5.2,3.0.5,3.11.1,3.6.1,native_cnot_layers_uniform_nonentangling_v2,ffft_commuting_pauli_rotations_v1,not_applicable,0,169,196,3848,5876,14274,21372,1860,104,5812,33124,0.0001,0.0001,0.0001,0.06555038148174894,0.1632796970243835,
13,169,gamma_2d_core,folded,folded_zero_extra_ge7_v1,1.7.0,1.8.1,2.5.2,3.0.5,3.11.1,3.6.1,native_cnot_layers_uniform_nonentangling_v2,ffft_commuting_pauli_rotations_v1,not_applicable,0,169,196,3848,5876,14274,21372,1860,104,5812,33124,1e-05,1e-05,1e-05,0.7614876213386703,0.8342510471891637,
13,169,gamma_2d_proper,folded,folded_zero_extra_ge7_v1,1.7.0,1.8.1,2.5.2,3.0.5,3.11.1,3.6.1,native_cnot_layers_uniform_nonentangling_v2,ffft_commuting_pauli_rotations_v1,canonical_augmenting_v1,0,169,364,7616,11592,26342,38332,1860,104,5812,61516,0.001,0.001,0.001,2.0297109465328457e-22,1.757313227005006e-15,
13,169,gamma_2d_proper,folded,folded_zero_extra_ge7_v1,1.7.0,1.8.1,2.5.2,3.0.5,3.11.1,3.6.1,native_cnot_layers_uniform_nonentangling_v2,ffft_commuting_pauli_rotations_v1,canonical_augmenting_v1,0,169,364,7616,11592,26342,38332,1860,104,5812,61516,0.0001,0.0001,0.0001,0.006787655822969464,0.033508042266038277,
13,169,gamma_2d_proper,folded,folded_zero_extra_ge7_v1,1.7.0,1.8.1,2.5.2,3.0.5,3.11.1,3.6.1,native_cnot_layers_uniform_nonentangling_v2,ffft_commuting_pauli_rotations_v1,canonical_augmenting_v1,0,169,364,7616,11592,26342,38332,1860,104,5812,61516,1e-05,1e-05,1e-05,0.6069902830446957,0.7120681200566552,
13,169,gamma_2d_ancilla,ancilla,not_applicable,1.7.0,1.8.1,2.5.2,3.0.5,3.11.1,3.6.1,native_cnot_layers_uniform_nonentangling_v2,ffft_commuting_pauli_rotations_v1,canonical_augmenting_v1,13,182,928,10836,14812,125748,139272,1860,104,5812,168896,0.001,0.001,0.001,1.1186334771903492e-67,4.4941116490022863e-60,
13,169,gamma_2d_ancilla,ancilla,not_applicable,1.7.0,1.8.1,2.5.2,3.0.5,3.11.1,3.6.1,native_cnot_layers_uniform_nonentangling_v2,ffft_commuting_pauli_rotations_v1,canonical_augmenting_v1,13,182,928,10836,14812,125748,139272,1860,104,5812,168896,0.0001,0.0001,0.0001,2.0318062577901248e-07,1.1693260911979663e-06,
13,169,gamma_2d_ancilla,ancilla,not_applicable,1.7.0,1.8.1,2.5.2,3.0.5,3.11.1,3.6.1,native_cnot_layers_uniform_nonentangling_v2,ffft_commuting_pauli_rotations_v1,canonical_augmenting_v1,13,182,928,10836,14812,125748,139272,1860,104,5812,168896,1e-05,1e-05,1e-05,0.21419944666302537,0.25516450370791793,
14,196,1d_baseline,,not_applicable,1.7.0,1.8.1,2.5.2,3.0.5,3.11.1,3.6.1,native_cnot_layers_uniform_nonentangling_v2,ffft_commuting_pauli_rotations_v1,not_applicable,0,196,1052,27979,55958,47138,94276,1177,616,3304,206192,0.001,0.001,0.001,5.266937225724429e-66,2.2949808769844752e-33,
14,196,1d_baseline,,not_applicable,1.7.0,1.8.1,2.5.2,3.0.5,3.11.1,3.6.1,native_cnot_layers_uniform_nonentangling_v2,ffft_commuting_pauli_rotations_v1,not_applicable,0,196,1052,27979,55958,47138,94276,1177,616,3304,206192,0.0001,0.0001,0.0001,2.9860290591804003e-07,0.0005464457026256497,
14,196,1d_baseline,,not_applicable,1.7.0,1.8.1,2.5.2,3.0.5,3.11.1,3.6.1,native_cnot_layers_uniform_nonentangling_v2,ffft_commuting_pauli_rotations_v1,not_applicable,0,196,1052,27979,55958,47138,94276,1177,616,3304,206192,1e-05,1e-05,1e-05,0.22260697381051128,0.47181243498927755,
14,196,gamma_2d_core,folded,folded_zero_extra_ge7_v1,1.7.0,1.8.1,2.5.2,3.0.5,3.11.1,3.6.1,native_cnot_layers_uniform_nonentangling_v2,ffft_commuting_pauli_rotations_v1,not_applicable,0,196,208,5294,8430,16068,23908,1177,616,3304,40768,0.001,0.001,0.001,8.887062855573896e-15,5.223474554479429e-10,
14,196,gamma_2d_core,folded,folded_zero_extra_ge7_v1,1.7.0,1.8.1,2.5.2,3.0.5,3.11.1,3.6.1,native_cnot_layers_uniform_nonentangling_v2,ffft_commuting_pauli_rotations_v1,not_applicable,0,196,208,5294,8430,16068,23908,1177,616,3304,40768,0.0001,0.0001,0.0001,0.03940109383398284,0.11809016724484254,
14,196,gamma_2d_core,folded,folded_zero_extra_ge7_v1,1.7.0,1.8.1,2.5.2,3.0.5,3.11.1,3.6.1,native_cnot_layers_uniform_nonentangling_v2,ffft_commuting_pauli_rotations_v1,not_applicable,0,196,208,5294,8430,16068,23908,1177,616,3304,40768,1e-05,1e-05,1e-05,0.7236976264131734,0.8076543730458653,
14,196,gamma_2d_proper,folded,folded_zero_extra_ge7_v1,1.7.0,1.8.1,2.5.2,3.0.5,3.11.1,3.6.1,native_cnot_layers_uniform_nonentangling_v2,ffft_commuting_pauli_rotations_v1,canonical_augmenting_v1,0,196,384,9985,15654,30206,43956,1177,616,3304,75264,0.001,0.001,0.001,1.2553162500749954e-26,3.4398324604337976e-18,
14,196,gamma_2d_proper,folded,folded_zero_extra_ge7_v1,1.7.0,1.8.1,2.5.2,3.0.5,3.11.1,3.6.1,native_cnot_layers_uniform_nonentangling_v2,ffft_commuting_pauli_rotations_v1,canonical_augmenting_v1,0,196,384,9985,15654,30206,43956,1177,616,3304,75264,0.0001,0.0001,0.0001,0.0025765652386437066,0.017965519016690166,
14,196,gamma_2d_proper,folded,folded_zero_extra_ge7_v1,1.7.0,1.8.1,2.5.2,3.0.5,3.11.1,3.6.1,native_cnot_layers_uniform_nonentangling_v2,ffft_commuting_pauli_rotations_v1,canonical_augmenting_v1,0,196,384,9985,15654,30206,43956,1177,616,3304,75264,1e-05,1e-05,1e-05,0.5509545384865042,0.6690396121892691,
14,196,gamma_2d_ancilla,ancilla,not_applicable,1.7.0,1.8.1,2.5.2,3.0.5,3.11.1,3.6.1,native_cnot_layers_uniform_nonentangling_v2,ffft_commuting_pauli_rotations_v1,canonical_augmenting_v1,14,210,1000,13505,19174,156110,171652,1177,616,3304,210000,0.001,0.001,0.001,1.2129871812442684e-83,1.9965741778756446e-74,
14,196,gamma_2d_ancilla,ancilla,not_applicable,1.7.0,1.8.1,2.5.2,3.0.5,3.11.1,3.6.1,native_cnot_layers_uniform_nonentangling_v2,ffft_commuting_pauli_rotations_v1,canonical_augmenting_v1,14,210,1000,13505,19174,156110,171652,1177,616,3304,210000,0.0001,0.0001,0.0001,5.153683199051466e-09,4.2987858072205504e-08,
14,196,gamma_2d_ancilla,ancilla,not_applicable,1.7.0,1.8.1,2.5.2,3.0.5,3.11.1,3.6.1,native_cnot_layers_uniform_nonentangling_v2,ffft_commuting_pauli_rotations_v1,canonical_augmenting_v1,14,210,1000,13505,19174,156110,171652,1177,616,3304,210000,1e-05,1e-05,1e-05,0.14833685542096145,0.1833866560008703,
15,225,1d_baseline,,not_applicable,1.7.0,1.8.1,2.5.2,3.0.5,3.11.1,3.6.1,native_cnot_layers_uniform_nonentangling_v2,ffft_commuting_pauli_rotations_v1,not_applicable,0,225,1300,37125,74250,72000,144000,1126,960,2716,292500,0.001,0.001,0.001,1.471652663001041e-95,3.8362125371270044e-48,
15,225,1d_baseline,,not_applicable,1.7.0,1.8.1,2.5.2,3.0.5,3.11.1,3.6.1,native_cnot_layers_uniform_nonentangling_v2,ffft_commuting_pauli_rotations_v1,not_applicable,0,225,1300,37125,74250,72000,144000,1126,960,2716,292500,0.0001,0.0001,0.0001,3.3193188864162845e-10,1.8218998014205624e-05,
15,225,1d_baseline,,not_applicable,1.7.0,1.8.1,2.5.2,3.0.5,3.11.1,3.6.1,native_cnot_layers_uniform_nonentangling_v2,ffft_commuting_pauli_rotations_v1,not_applicable,0,225,1300,37125,74250,72000,144000,1126,960,2716,292500,1e-05,1e-05,1e-05,0.11275804928842695,0.33579465345420106,
15,225,gamma_2d_core,folded,folded_zero_extra_ge7_v1,1.7.0,1.8.1,2.5.2,3.0.5,3.11.1,3.6.1,native_cnot_layers_uniform_nonentangling_v2,ffft_commuting_pauli_rotations_v1,not_applicable,0,225,256,6514,10564,23872,36472,1126,960,2716,57600,0.001,0.001,0.001,3.650095247428569e-21,6.265060002067643e-14,
15,225,gamma_2d_core,folded,folded_zero_extra_ge7_v1,1.7.0,1.8.1,2.5.2,3.0.5,3.11.1,3.6.1,native_cnot_layers_uniform_nonentangling_v2,ffft_commuting_pauli_rotations_v1,not_applicable,0,225,256,6514,10564,23872,36472,1126,960,2716,57600,0.0001,0.0001,0.0001,0.00906046173879195,0.04789462757079923,
15,225,gamma_2d_core,folded,folded_zero_extra_ge7_v1,1.7.0,1.8.1,2.5.2,3.0.5,3.11.1,3.6.1,native_cnot_layers_uniform_nonentangling_v2,ffft_commuting_pauli_rotations_v1,not_applicable,0,225,256,6514,10564,23872,36472,1126,960,2716,57600,1e-05,1e-05,1e-05,0.6247758386034031,0.7379630530086959,
15,225,gamma_2d_proper,folded,folded_zero_extra_ge7_v1,1.7.0,1.8.1,2.5.2,3.0.5,3.11.1,3.6.1,native_cnot_layers_uniform_nonentangling_v2,ffft_commuting_pauli_rotations_v1,canonical_augmenting_v1,0,225,448,12009,19090,42582,62620,1126,960,2716,100800,0.001,0.001,0.001,3.133595573183846e-36,1.9035651471801723e-24,
15,225,gamma_2d_proper,folded,folded_zero_extra_ge7_v1,1.7.0,1.8.1,2.5.2,3.0.5,3.11.1,3.6.1,native_cnot_layers_uniform_nonentangling_v2,ffft_commuting_pauli_rotations_v1,canonical_augmenting_v1,0,225,448,12009,19090,42582,62620,1126,960,2716,100800,0.0001,0.0001,0.0001,0.0002826196443432641,0.0042562236746162664,
15,225,gamma_2d_proper,folded,folded_zero_extra_ge7_v1,1.7.0,1.8.1,2.5.2,3.0.5,3.11.1,3.6.1,native_cnot_layers_uniform_nonentangling_v2,ffft_commuting_pauli_rotations_v1,canonical_augmenting_v1,0,225,448,12009,19090,42582,62620,1126,960,2716,100800,1e-05,1e-05,1e-05,0.4417089554947416,0.5793127860532129,
15,225,gamma_2d_ancilla,ancilla,not_applicable,1.7.0,1.8.1,2.5.2,3.0.5,3.11.1,3.6.1,native_cnot_layers_uniform_nonentangling_v2,ffft_commuting_pauli_rotations_v1,canonical_augmenting_v1,15,240,1100,16317,23398,194886,217204,1126,960,2716,264000,0.001,0.001,0.001,2.8549476409257844e-105,1.6975000359161725e-92,
15,225,gamma_2d_ancilla,ancilla,not_applicable,1.7.0,1.8.1,2.5.2,3.0.5,3.11.1,3.6.1,native_cnot_layers_uniform_nonentangling_v2,ffft_commuting_pauli_rotations_v1,canonical_augmenting_v1,15,240,1100,16317,23398,194886,217204,1126,960,2716,264000,0.0001,0.0001,0.0001,3.550302931737453e-11,6.716014139352118e-10,
15,225,gamma_2d_ancilla,ancilla,not_applicable,1.7.0,1.8.1,2.5.2,3.0.5,3.11.1,3.6.1,native_cnot_layers_uniform_nonentangling_v2,ffft_commuting_pauli_rotations_v1,canonical_augmenting_v1,15,240,1100,16317,23398,194886,217204,1126,960,2716,264000,1e-05,1e-05,1e-05,0.0901723869488102,0.12099082530197589,
16,256,1d_baseline,,not_applicable,1.7.0,1.8.1,2.5.2,3.0.5,3.11.1,3.6.1,native_cnot_layers_uniform_nonentangling_v2,ffft_commuting_pauli_rotations_v1,not_applicable,0,256,1260,48448,96896,64384,128768,769,2174,516,322560,0.001,0.001,0.001,8.837613981446792e-99,9.400858461569768e-50,
16,256,1d_baseline,,not_applicable,1.7.0,1.8.1,2.5.2,3.0.5,3.11.1,3.6.1,native_cnot_layers_uniform_nonentangling_v2,ffft_commuting_pauli_rotations_v1,not_applicable,0,256,1260,48448,96896,64384,128768,769,2174,516,322560,0.0001,0.0001,0.0001,1.5814189833364426e-10,1.2575448235893791e-05,
16,256,1d_baseline,,not_applicable,1.7.0,1.8.1,2.5.2,3.0.5,3.11.1,3.6.1,native_cnot_layers_uniform_nonentangling_v2,ffft_commuting_pauli_rotations_v1,not_applicable,0,256,1260,48448,96896,64384,128768,769,2174,516,322560,1e-05,1e-05,1e-05,0.10470051071116625,0.3235745829189404,
16,256,gamma_2d_core,folded,folded_zero_extra_ge7_v1,1.7.0,1.8.1,2.5.2,3.0.5,3.11.1,3.6.1,native_cnot_layers_uniform_nonentangling_v2,ffft_commuting_pauli_rotations_v1,not_applicable,0,256,208,8098,13346,19644,26556,769,2244,348,53248,0.001,0.001,0.001,4.593155971278213e-18,8.826212213137297e-13,
16,256,gamma_2d_core,folded,folded_zero_extra_ge7_v1,1.7.0,1.8.1,2.5.2,3.0.5,3.11.1,3.6.1,native_cnot_layers_uniform_nonentangling_v2,ffft_commuting_pauli_rotations_v1,not_applicable,0,256,208,8098,13346,19644,26556,769,2244,348,53248,0.0001,0.0001,0.0001,0.01849232452921749,0.06239072083399936,
16,256,gamma_2d_core,folded,folded_zero_extra_ge7_v1,1.7.0,1.8.1,2.5.2,3.0.5,3.11.1,3.6.1,native_cnot_layers_uniform_nonentangling_v2,ffft_commuting_pauli_rotations_v1,not_applicable,0,256,208,8098,13346,19644,26556,769,2244,348,53248,1e-05,1e-05,1e-05,0.6709759430004708,0.7577351300115908,
16,256,gamma_2d_proper,folded,folded_zero_extra_ge7_v1,1.7.0,1.8.1,2.5.2,3.0.5,3.11.1,3.6.1,native_cnot_layers_uniform_nonentangling_v2,ffft_commuting_pauli_rotations_v1,canonical_augmenting_v1,0,256,408,14804,23908,41048,56632,769,2244,348,104448,0.001,0.001,0.001,1.0102333946544869e-35,5.390740144289145e-25,
16,256,gamma_2d_proper,folded,folded_zero_extra_ge7_v1,1.7.0,1.8.1,2.5.2,3.0.5,3.11.1,3.6.1,native_cnot_layers_uniform_nonentangling_v2,ffft_commuting_pauli_rotations_v1,canonical_augmenting_v1,0,256,408,14804,23908,41048,56632,769,2244,348,104448,0.0001,0.0001,0.0001,0.00031770009208250235,0.0037519511088321515,
16,256,gamma_2d_proper,folded,folded_zero_extra_ge7_v1,1.7.0,1.8.1,2.5.2,3.0.5,3.11.1,3.6.1,native_cnot_layers_uniform_nonentangling_v2,ffft_commuting_pauli_rotations_v1,canonical_augmenting_v1,0,256,408,14804,23908,41048,56632,769,2244,348,104448,1e-05,1e-05,1e-05,0.44690732744120704,0.572053481632236,
16,256,gamma_2d_ancilla,ancilla,not_applicable,1.7.0,1.8.1,2.5.2,3.0.5,3.11.1,3.6.1,native_cnot_layers_uniform_nonentangling_v2,ffft_commuting_pauli_rotations_v1,canonical_augmenting_v1,16,272,1112,19468,28572,227624,245320,769,2244,348,302464,0.001,0.001,0.001,9.788162950450089e-120,4.3213230525610935e-108,
16,256,gamma_2d_ancilla,ancilla,not_applicable,1.7.0,1.8.1,2.5.2,3.0.5,3.11.1,3.6.1,native_cnot_layers_uniform_nonentangling_v2,ffft_commuting_pauli_rotations_v1,canonical_augmenting_v1,16,272,1112,19468,28572,227624,245320,769,2244,348,302464,0.0001,0.0001,0.0001,1.2718233311003896e-12,1.8552147926962804e-11,
16,256,gamma_2d_ancilla,ancilla,not_applicable,1.7.0,1.8.1,2.5.2,3.0.5,3.11.1,3.6.1,native_cnot_layers_uniform_nonentangling_v2,ffft_commuting_pauli_rotations_v1,canonical_augmenting_v1,16,272,1112,19468,28572,227624,245320,769,2244,348,302464,1e-05,1e-05,1e-05,0.06463923531917067,0.08450603266592996,
17,289,1d_baseline,,not_applicable,1.7.0,1.8.1,2.5.2,3.0.5,3.11.1,3.6.1,native_cnot_layers_uniform_nonentangling_v2,ffft_commuting_pauli_rotations_v1,not_applicable,0,289,1736,60112,120224,130628,261256,4336,136,13448,501704,0.001,0.001,0.001,1.747625800830174e-166,1.3219779880278542e-83,
17,289,1d_baseline,,not_applicable,1.7.0,1.8.1,2.5.2,3.0.5,3.11.1,3.6.1,native_cnot_layers_uniform_nonentangling_v2,ffft_commuting_pauli_rotations_v1,not_applicable,0,289,1736,60112,120224,130628,261256,4336,136,13448,501704,0.0001,0.0001,0.0001,2.702126494916917e-17,5.198198240656965e-09,
17,289,1d_baseline,,not_applicable,1.7.0,1.8.1,2.5.2,3.0.5,3.11.1,3.6.1,native_cnot_layers_uniform_nonentangling_v2,ffft_commuting_pauli_rotations_v1,not_applicable,0,289,1736,60112,120224,130628,261256,4336,136,13448,501704,1e-05,1e-05,1e-05,0.02204170200746539,0.14846448062572204,
17,289,gamma_2d_core,folded,folded_zero_extra_ge7_v1,1.7.0,1.8.1,2.5.2,3.0.5,3.11.1,3.6.1,native_cnot_layers_uniform_nonentangling_v2,ffft_commuting_pauli_rotations_v1,not_applicable,0,289,260,7820,12444,33490,50252,4336,136,13448,75140,0.001,0.001,0.001,5.725979860571601e-28,1.1228419127183966e-18,
17,289,gamma_2d_core,folded,folded_zero_extra_ge7_v1,1.7.0,1.8.1,2.5.2,3.0.5,3.11.1,3.6.1,native_cnot_layers_uniform_nonentangling_v2,ffft_commuting_pauli_rotations_v1,not_applicable,0,289,260,7820,12444,33490,50252,4336,136,13448,75140,0.0001,0.0001,0.0001,0.0018923922663593648,0.016063485505664027,
17,289,gamma_2d_core,folded,folded_zero_extra_ge7_v1,1.7.0,1.8.1,2.5.2,3.0.5,3.11.1,3.6.1,native_cnot_layers_uniform_nonentangling_v2,ffft_commuting_pauli_rotations_v1,not_applicable,0,289,260,7820,12444,33490,50252,4336,136,13448,75140,1e-05,1e-05,1e-05,0.5342116689188575,0.661594753374526,
17,289,gamma_2d_proper,folded,folded_zero_extra_ge7_v1,1.7.0,1.8.1,2.5.2,3.0.5,3.11.1,3.6.1,native_cnot_layers_uniform_nonentangling_v2,ffft_commuting_pauli_rotations_v1,canonical_augmenting_v1,0,289,476,15524,24656,60854,88252,4336,136,13448,137564,0.001,0.001,0.001,8.71253667417795e-50,6.499197341505612e-34,
17,289,gamma_2d_proper,folded,folded_zero_extra_ge7_v1,1.7.0,1.8.1,2.5.2,3.0.5,3.11.1,3.6.1,native_cnot_layers_uniform_nonentangling_v2,ffft_commuting_pauli_rotations_v1,canonical_augmenting_v1,0,289,476,15524,24656,60854,88252,4336,136,13448,137564,0.0001,0.0001,0.0001,1.2480232347132798e-05,0.00048170343398781004,
17,289,gamma_2d_proper,folded,folded_zero_extra_ge7_v1,1.7.0,1.8.1,2.5.2,3.0.5,3.11.1,3.6.1,native_cnot_layers_uniform_nonentangling_v2,ffft_commuting_pauli_rotations_v1,canonical_augmenting_v1,0,289,476,15524,24656,60854,88252,4336,136,13448,137564,1e-05,1e-05,1e-05,0.32332875843193615,0.46590020557255113,
17,289,gamma_2d_ancilla,ancilla,not_applicable,1.7.0,1.8.1,2.5.2,3.0.5,3.11.1,3.6.1,native_cnot_layers_uniform_nonentangling_v2,ffft_commuting_pauli_rotations_v1,canonical_augmenting_v1,17,306,1216,20960,30092,281828,311912,4336,136,13448,372096,0.001,0.001,0.001,2.4844784772410914e-149,2.7230083226748688e-132,
17,289,gamma_2d_ancilla,ancilla,not_applicable,1.7.0,1.8.1,2.5.2,3.0.5,3.11.1,3.6.1,native_cnot_layers_uniform_nonentangling_v2,ffft_commuting_pauli_rotations_v1,canonical_augmenting_v1,17,306,1216,20960,30092,281828,311912,4336,136,13448,372096,0.0001,0.0001,0.0001,1.4002716603501975e-15,7.070118643192826e-14,
17,289,gamma_2d_ancilla,ancilla,not_applicable,1.7.0,1.8.1,2.5.2,3.0.5,3.11.1,3.6.1,native_cnot_layers_uniform_nonentangling_v2,ffft_commuting_pauli_rotations_v1,canonical_augmenting_v1,17,306,1216,20960,30092,281828,311912,4336,136,13448,372096,1e-05,1e-05,1e-05,0.0327105671025497,0.04841744290976045,
18,324,1d_baseline,,not_applicable,1.7.0,1.8.1,2.5.2,3.0.5,3.11.1,3.6.1,native_cnot_layers_uniform_nonentangling_v2,ffft_commuting_pauli_rotations_v1,not_applicable,0,324,1712,77679,155358,121986,243972,1297,2376,1728,554688,0.001,0.001,0.001,3.0648786335000257e-174,1.7506794776600388e-87,
18,324,1d_baseline,,not_applicable,1.7.0,1.8.1,2.5.2,3.0.5,3.11.1,3.6.1,native_cnot_layers_uniform_nonentangling_v2,ffft_commuting_pauli_rotations_v1,not_applicable,0,324,1712,77679,155358,121986,243972,1297,2376,1728,554688,0.0001,0.0001,0.0001,4.533684166629883e-18,2.1292449757202393e-09,
18,324,1d_baseline,,not_applicable,1.7.0,1.8.1,2.5.2,3.0.5,3.11.1,3.6.1,native_cnot_layers_uniform_nonentangling_v2,ffft_commuting_pauli_rotations_v1,not_applicable,0,324,1712,77679,155358,121986,243972,1297,2376,1728,554688,1e-05,1e-05,1e-05,0.018438397527395647,0.13578806106353994,
18,324,gamma_2d_core,folded,folded_zero_extra_ge7_v1,1.7.0,1.8.1,2.5.2,3.0.5,3.11.1,3.6.1,native_cnot_layers_uniform_nonentangling_v2,ffft_commuting_pauli_rotations_v1,not_applicable,0,324,280,11090,18542,36140,53636,1297,2376,1728,90720,0.001,0.001,0.001,4.34319346265508e-32,3.0061379977873717e-21,
18,324,gamma_2d_core,folded,folded_zero_extra_ge7_v1,1.7.0,1.8.1,2.5.2,3.0.5,3.11.1,3.6.1,native_cnot_layers_uniform_nonentangling_v2,ffft_commuting_pauli_rotations_v1,not_applicable,0,324,280,11090,18542,36140,53636,1297,2376,1728,90720,0.0001,0.0001,0.0001,0.0007331495047432973,0.008886374186003446,
18,324,gamma_2d_core,folded,folded_zero_extra_ge7_v1,1.7.0,1.8.1,2.5.2,3.0.5,3.11.1,3.6.1,native_cnot_layers_uniform_nonentangling_v2,ffft_commuting_pauli_rotations_v1,not_applicable,0,324,280,11090,18542,36140,53636,1297,2376,1728,90720,1e-05,1e-05,1e-05,0.48588485407685517,0.6235649423711513,
18,324,gamma_2d_proper,folded,folded_zero_extra_ge7_v1,1.7.0,1.8.1,2.5.2,3.0.5,3.11.1,3.6.1,native_cnot_layers_uniform_nonentangling_v2,ffft_commuting_pauli_rotations_v1,canonical_augmenting_v1,0,324,504,20171,33066,67226,97164,1297,2376,1728,163296,0.001,0.001,0.001,2.591383383644942e-57,1.0591914982307747e-38,
18,324,gamma_2d_proper,folded,folded_zero_extra_ge7_v1,1.7.0,1.8.1,2.5.2,3.0.5,3.11.1,3.6.1,native_cnot_layers_uniform_nonentangling_v2,ffft_commuting_pauli_rotations_v1,canonical_augmenting_v1,0,324,504,20171,33066,67226,97164,1297,2376,1728,163296,0.0001,0.0001,0.0001,2.207497154659001e-06,0.00016003195976703607,
18,324,gamma_2d_proper,folded,folded_zero_extra_ge7_v1,1.7.0,1.8.1,2.5.2,3.0.5,3.11.1,3.6.1,native_cnot_layers_uniform_nonentangling_v2,ffft_commuting_pauli_rotations_v1,canonical_augmenting_v1,0,324,504,20171,33066,67226,97164,1297,2376,1728,163296,1e-05,1e-05,1e-05,0.2719039196859662,0.41728978525092525,
18,324,gamma_2d_ancilla,ancilla,not_applicable,1.7.0,1.8.1,2.5.2,3.0.5,3.11.1,3.6.1,native_cnot_layers_uniform_nonentangling_v2,ffft_commuting_pauli_rotations_v1,canonical_augmenting_v1,18,342,1296,25995,38890,332418,365452,1297,2376,1728,443232,0.001,0.001,0.001,2.035355476809873e-176,1.842177777350875e-156,
18,324,gamma_2d_ancilla,ancilla,not_applicable,1.7.0,1.8.1,2.5.2,3.0.5,3.11.1,3.6.1,native_cnot_layers_uniform_nonentangling_v2,ffft_commuting_pauli_rotations_v1,canonical_augmenting_v1,18,342,1296,25995,38890,332418,365452,1297,2376,1728,443232,0.0001,0.0001,0.0001,2.7464518139205302e-18,2.7135813761204007e-16,
18,324,gamma_2d_ancilla,ancilla,not_applicable,1.7.0,1.8.1,2.5.2,3.0.5,3.11.1,3.6.1,native_cnot_layers_uniform_nonentangling_v2,ffft_commuting_pauli_rotations_v1,canonical_augmenting_v1,18,342,1296,25995,38890,332418,365452,1297,2376,1728,443232,1e-05,1e-05,1e-05,0.01753703730261711,0.027760311540856897,
19,361,1d_baseline,,not_applicable,1.7.0,1.8.1,2.5.2,3.0.5,3.11.1,3.6.1,native_cnot_layers_uniform_nonentangling_v2,ffft_commuting_pauli_rotations_v1,not_applicable,0,361,2168,94221,188442,202882,405764,6138,152,18982,782648,0.001,0.001,0.001,6.463932431523818e-259,8.039858476070221e-130,
19,361,1d_baseline,,not_applicable,1.7.0,1.8.1,2.5.2,3.0.5,3.11.1,3.6.1,native_cnot_layers_uniform_nonentangling_v2,ffft_commuting_pauli_rotations_v1,not_applicable,0,361,2168,94221,188442,202882,405764,6138,152,18982,782648,0.0001,0.0001,0.0001,1.558371225753106e-26,1.248347397863714e-13,
19,361,1d_baseline,,not_applicable,1.7.0,1.8.1,2.5.2,3.0.5,3.11.1,3.6.1,native_cnot_layers_uniform_nonentangling_v2,ffft_commuting_pauli_rotations_v1,not_applicable,0,361,2168,94221,188442,202882,405764,6138,152,18982,782648,1e-05,1e-05,1e-05,0.0026265352139821867,0.0512497337942568,
19,361,gamma_2d_core,folded,folded_zero_extra_ge7_v1,1.7.0,1.8.1,2.5.2,3.0.5,3.11.1,3.6.1,native_cnot_layers_uniform_nonentangling_v2,ffft_commuting_pauli_rotations_v1,not_applicable,0,361,292,10530,17028,47530,71356,6138,152,18982,105412,0.001,0.001,0.001,3.94558464901332e-39,5.918973567442176e-26,
19,361,gamma_2d_core,folded,folded_zero_extra_ge7_v1,1.7.0,1.8.1,2.5.2,3.0.5,3.11.1,3.6.1,native_cnot_layers_uniform_nonentangling_v2,ffft_commuting_pauli_rotations_v1,not_applicable,0,361,292,10530,17028,47530,71356,6138,152,18982,105412,0.0001,0.0001,0.0001,0.0001449905558893332,0.0030085702310924715,
19,361,gamma_2d_core,folded,folded_zero_extra_ge7_v1,1.7.0,1.8.1,2.5.2,3.0.5,3.11.1,3.6.1,native_cnot_layers_uniform_nonentangling_v2,ffft_commuting_pauli_rotations_v1,not_applicable,0,361,292,10530,17028,47530,71356,6138,152,18982,105412,1e-05,1e-05,1e-05,0.4131913735116838,0.5595609038900027,
19,361,gamma_2d_proper,folded,folded_zero_extra_ge7_v1,1.7.0,1.8.1,2.5.2,3.0.5,3.11.1,3.6.1,native_cnot_layers_uniform_nonentangling_v2,ffft_commuting_pauli_rotations_v1,canonical_augmenting_v1,0,361,532,20969,33874,85856,124304,6138,152,18982,192052,0.001,0.001,0.001,1.8612152805603134e-69,3.830714102910731e-47,
19,361,gamma_2d_proper,folded,folded_zero_extra_ge7_v1,1.7.0,1.8.1,2.5.2,3.0.5,3.11.1,3.6.1,native_cnot_layers_uniform_nonentangling_v2,ffft_commuting_pauli_rotations_v1,canonical_augmenting_v1,0,361,532,20969,33874,85856,124304,6138,152,18982,192052,0.0001,0.0001,0.0001,1.3491903991603514e-07,2.293069480063899e-05,
19,361,gamma_2d_proper,folded,folded_zero_extra_ge7_v1,1.7.0,1.8.1,2.5.2,3.0.5,3.11.1,3.6.1,native_cnot_layers_uniform_nonentangling_v2,ffft_commuting_pauli_rotations_v1,canonical_augmenting_v1,0,361,532,20969,33874,85856,124304,6138,152,18982,192052,1e-05,1e-05,1e-05,0.20560716250002856,0.3436074725536219,
19,361,gamma_2d_ancilla,ancilla,not_applicable,1.7.0,1.8.1,2.5.2,3.0.5,3.11.1,3.6.1,native_cnot_layers_uniform_nonentangling_v2,ffft_commuting_pauli_rotations_v1,canonical_augmenting_v1,19,380,1360,27797,40702,393566,435396,6138,152,18982,516800,0.001,0.001,0.001,1.3483834511022339e-207,8.181169009867241e-184,
19,361,gamma_2d_ancilla,ancilla,not_applicable,1.7.0,1.8.1,2.5.2,3.0.5,3.11.1,3.6.1,native_cnot_layers_uniform_nonentangling_v2,ffft_commuting_pauli_rotations_v1,canonical_augmenting_v1,19,380,1360,27797,40702,393566,435396,6138,152,18982,516800,0.0001,0.0001,0.0001,2.1003548447994828e-21,5.00636354099552e-19,
19,361,gamma_2d_ancilla,ancilla,not_applicable,1.7.0,1.8.1,2.5.2,3.0.5,3.11.1,3.6.1,native_cnot_layers_uniform_nonentangling_v2,ffft_commuting_pauli_rotations_v1,canonical_augmenting_v1,19,380,1360,27797,40702,393566,435396,6138,152,18982,516800,1e-05,1e-05,1e-05,0.008557015509655163,0.014792262066653763,
20,400,1d_baseline,,not_applicable,1.7.0,1.8.1,2.5.2,3.0.5,3.11.1,3.6.1,native_cnot_layers_uniform_nonentangling_v2,ffft_commuting_pauli_rotations_v1,not_applicable,0,400,2028,118500,237000,168600,337200,2001,2246,4548,811200,0.001,0.001,0.001,3.1866866358190364e-250,1.7851293050698136e-125,
20,400,1d_baseline,,not_applicable,1.7.0,1.8.1,2.5.2,3.0.5,3.11.1,3.6.1,native_cnot_layers_uniform_nonentangling_v2,ffft_commuting_pauli_rotations_v1,not_applicable,0,400,2028,118500,237000,168600,337200,2001,2246,4548,811200,0.0001,0.0001,0.0001,1.1522956079077733e-25,3.394547993338396e-13,
20,400,1d_baseline,,not_applicable,1.7.0,1.8.1,2.5.2,3.0.5,3.11.1,3.6.1,native_cnot_layers_uniform_nonentangling_v2,ffft_commuting_pauli_rotations_v1,not_applicable,0,400,2028,118500,237000,168600,337200,2001,2246,4548,811200,1e-05,1e-05,1e-05,0.0032082530532109572,0.05664144289485357,
20,400,gamma_2d_core,folded,folded_zero_extra_ge7_v1,1.7.0,1.8.1,2.5.2,3.0.5,3.11.1,3.6.1,native_cnot_layers_uniform_nonentangling_v2,ffft_commuting_pauli_rotations_v1,not_applicable,0,400,280,14722,24922,44156,62156,2001,2244,4516,112000,0.001,0.001,0.001,1.4574167015101107e-38,2.6110534931411626e-26,
20,400,gamma_2d_core,folded,folded_zero_extra_ge7_v1,1.7.0,1.8.1,2.5.2,3.0.5,3.11.1,3.6.1,native_cnot_layers_uniform_nonentangling_v2,ffft_commuting_pauli_rotations_v1,not_applicable,0,400,280,14722,24922,44156,62156,2001,2244,4516,112000,0.0001,0.0001,0.0001,0.00016521954065644011,0.00277225444809013,
20,400,gamma_2d_core,folded,folded_zero_extra_ge7_v1,1.7.0,1.8.1,2.5.2,3.0.5,3.11.1,3.6.1,native_cnot_layers_uniform_nonentangling_v2,ffft_commuting_pauli_rotations_v1,not_applicable,0,400,280,14722,24922,44156,62156,2001,2244,4516,112000,1e-05,1e-05,1e-05,0.41862307179370567,0.5550023428368546,
20,400,gamma_2d_proper,folded,folded_zero_extra_ge7_v1,1.7.0,1.8.1,2.5.2,3.0.5,3.11.1,3.6.1,native_cnot_layers_uniform_nonentangling_v2,ffft_commuting_pauli_rotations_v1,canonical_augmenting_v1,0,400,528,26832,44620,87136,121960,2001,2244,4516,211200,0.001,0.001,0.001,4.1593808132249124e-73,3.0169085008373647e-50,
20,400,gamma_2d_proper,folded,folded_zero_extra_ge7_v1,1.7.0,1.8.1,2.5.2,3.0.5,3.11.1,3.6.1,native_cnot_layers_uniform_nonentangling_v2,ffft_commuting_pauli_rotations_v1,canonical_augmenting_v1,0,400,528,26832,44620,87136,121960,2001,2244,4516,211200,0.0001,0.0001,0.0001,5.823187477812672e-08,1.1224969090265505e-05,
20,400,gamma_2d_proper,folded,folded_zero_extra_ge7_v1,1.7.0,1.8.1,2.5.2,3.0.5,3.11.1,3.6.1,native_cnot_layers_uniform_nonentangling_v2,ffft_commuting_pauli_rotations_v1,canonical_augmenting_v1,0,400,528,26832,44620,87136,121960,2001,2244,4516,211200,1e-05,1e-05,1e-05,0.18903779146908012,0.31991955723447235,
20,400,gamma_2d_ancilla,ancilla,not_applicable,1.7.0,1.8.1,2.5.2,3.0.5,3.11.1,3.6.1,native_cnot_layers_uniform_nonentangling_v2,ffft_commuting_pauli_rotations_v1,canonical_augmenting_v1,20,420,1408,34104,51892,449232,487576,2001,2244,4516,591360,0.001,0.001,0.001,3.9337095870713546e-235,9.656443269020445e-211,
20,400,gamma_2d_ancilla,ancilla,not_applicable,1.7.0,1.8.1,2.5.2,3.0.5,3.11.1,3.6.1,native_cnot_layers_uniform_nonentangling_v2,ffft_commuting_pauli_rotations_v1,canonical_augmenting_v1,20,420,1408,34104,51892,449232,487576,2001,2244,4516,591360,0.0001,0.0001,0.0001,3.7156168669883404e-24,1.0184380313255562e-21,
20,400,gamma_2d_ancilla,ancilla,not_applicable,1.7.0,1.8.1,2.5.2,3.0.5,3.11.1,3.6.1,native_cnot_layers_uniform_nonentangling_v2,ffft_commuting_pauli_rotations_v1,canonical_augmenting_v1,20,420,1408,34104,51892,449232,487576,2001,2244,4516,591360,1e-05,1e-05,1e-05,0.004540550705313958,0.007959539226343083,
